Barcode,Original (List) Price,Sale Price,Stock
4053057256353,,,1
886955289963,,,1
886955851689,,,1
886955851856,,,1
885431000092,,,4
885431292725,,,1
885431292718,,,7
885431293494,,,11
885431293524,,,6
885431293487,,,5
885431293531,,,10
885431293517,,,13
885431294385,,,9
885431294392,,,6
883223567853,,,3
883233413898,,,4
883233413904,,,3
883233413911,,,3
883233413935,,,10
883233413942,,,2
883233413959,,,2
719106169466,,,145
719106169633,,,16
719106169695,,,156
719106169725,,,101
8719477211117,,,1
5055259604924,,,13
5055259605235,,,69
885431420241,,,28
5055259605242,,,1
5055259604948,,,1
5055259605259,,,2
885431420302,,,1
5055259605273,,,2
190108084313,,,2
190108087338,,,3
190108087345,,,3
190108087352,,,4
190108087369,,,3
190108087376,,,3
190108086034,,,3
190108086041,,,4
190108086058,,,3
190108086065,,,2
190108086072,,,3
190108086089,,,1
190108140651,,,1
190108140668,,,2
190108140675,,,2
190108140682,,,2
190108140743,,,4
190108140750,,,4
190108140767,,,4
190108140774,,,4
190108140781,,,3
190108140798,,,1
886955868793,,,1
886955868809,,,1
886955868816,,,1
886614236659,,,14
886614236666,,,141
886614236697,,,75
886614236703,,,41
886614236796,,,11
886614236840,,,15
886614236864,,,18
886614236871,,,28
886947030856,,,401
886947030863,,,129
886947030870,,,13
886947030887,,,196
886947155313,,,1
886947155344,,,2
886947155337,,,1
887140237653,,,58
887493375408,,,14
887496966214,,,16
885429051471,,,3
885429051488,,,9
885429051495,,,4
885429051501,,,4
885429051518,,,3
885429051525,,,5
885429051532,,,13
885429051549,,,15
884991414561,,,5
884991414721,,,29
888495364117,,,1
192410908080,,,3
192410908097,,,4
192410908103,,,4
192410908141,,,3
192410908158,,,1
888715369816,,,3
888715623055,,,2
888715779981,,,1
888715779967,,,1
888715781465,,,2
888715781458,,,10
888715781588,,,1
888715781564,,,4
888715781557,,,1
888716539263,,,1
888716539744,,,2
888716540641,,,1
888716541242,,,1
888716541570,,,1
888716541655,,,1
888716541679,,,2
888716541846,,,3
888716541945,,,2
888716542041,,,1
888716542546,,,1
888716543253,,,1
888716543642,,,1
888716544045,,,2
888716544076,,,1
888716544267,,,3
888716544243,,,1
888716544656,,,1
888716544618,,,1
888716544748,,,3
888716544779,,,1
888716545363,,,1
888716545554,,,2
888716545578,,,1
888716545806,,,3
888716546049,,,3
888716546001,,,1
888716546377,,,2
888716549200,,,1
888716549248,,,2
888716549279,,,2
888716550107,,,2
888716550251,,,1
888716550275,,,1
888716550305,,,1
888716550367,,,2
888716550350,,,2
888716550343,,,2
888716550374,,,1
888716726670,,,6
888716726663,,,34
888716726656,,,6
889077342233,,,1
889078801579,,,1
889078801760,,,1
889078802743,,,1
889078805935,,,1
889078807663,,,1
889352233232,,,1
889353156363,,,2
889353156370,,,28
889353156387,,,39
889353895446,,,1
889353895842,,,1
889353895828,,,1
889353896146,,,1
889353896931,,,1
889353897747,,,1
889353898263,,,1
194715081130,,,3
194715081208,,,2
194715080911,,,3
194715080928,,,4
194715081017,,,3
194715080973,,,3
194715080980,,,1
194715081246,,,2
194715081314,,,3
889355011363,,,1
889355178448,,,3
889355178660,,,2
889355178684,,,2
889355178691,,,6
889355178752,,,1
889355178936,,,1
889355178943,,,3
889355178967,,,3
889355178974,,,2
889355179155,,,1
889355936260,,,134
889355936277,,,263
889355947518,,,7
889355947532,,,191
889355995885,,,43
889674904513,,,51
889675153392,,,1
889675162097,,,1
889675162998,,,1
889675164190,,,1
889675624281,,,1
889675921038,,,1
889675921632,,,1
889675951523,,,531
889675951530,,,42
889675951547,,,30
889675951554,,,37
889676278537,,,1
889676278636,,,1
889676351520,,,1
889676352312,,,3
889676352350,,,1
889676722344,,,1
889676735993,,,1
889676823867,,,157
889677102817,,,1
889677784822,,,2
889677784853,,,6
195501937037,,,1
195501937839,,,1
195503352388,,,1
195503353286,,,1
195503353989,,,1
195503363384,,,1
195503363582,,,1
195503365111,,,1
190290075823,,,1
190291618937,,,1
190291621692,,,1
190291756387,,,1
195719880538,,,1
190293847564,,,1
190293847748,,,1
190293848295,,,1
190293848400,,,1
190293848424,,,1
190293871231,,,1
190293871446,,,1
190293871552,,,1
190293871743,,,1
190293927952,,,1
195719881986,,,2
195719881931,,,2
195719882532,,,2
195719882549,,,3
195719883409,,,3
195719883416,,,3
195719883423,,,3
195719883461,,,3
195719883478,,,3
196565878915,,,1
196565878984,,,1
190528004588,,,1
190528948523,,,1
190529107332,,,19
190529472102,,,1
190529480329,,,1
190531908057,,,1
886133362891,,,1
886133397244,,,1
886133397251,,,1
886133402863,,,1
886133402887,,,1
886133412374,,,1
886133419083,,,1
886133420836,,,1
886133256961,,,1
885430014090,,,206
885430014106,,,187
885430014410,,,1
885430014472,,,4
885430014465,,,8
885430014496,,,71
885430014502,,,33
885430069618,,,22
885430074346,,,5
885430074360,,,113
885430074452,,,36
885430091381,,,4
885430104647,,,5
884991352801,,,1
884991502787,,,1
884991260373,,,1
196565656735,,,1
196565656667,,,1
191322722944,,,1
191322722951,,,1
191322722975,,,1
191322723118,,,1
191322724238,,,1
191322724368,,,1
191322724375,,,1
191322724399,,,1
191322724719,,,1
191322724726,,,1
191322724788,,,1
191322724825,,,1
191322724863,,,1
191322725273,,,1
191322725488,,,1
191323143731,,,1
887351287850,,,23
191715813631,,,1
191715988803,,,1
191715988810,,,1
191716465051,,,1
191716465044,,,2
191716465037,,,4
191716465068,,,3
191716465099,,,1
191718304716,,,2
191718304709,,,4
191718304723,,,1
191718305898,,,3
191718305959,,,1
191718306109,,,1
191718306093,,,1
191718307014,,,1
192092658969,,,1
192093008855,,,12
192093008862,,,140
197634317953,,,2
197634317960,,,3
197634318004,,,2
197634318011,,,4
197634318028,,,2
192093838049,,,35
192093838063,,,60
192093838070,,,99
192095244459,,,2
197634327853,,,3
197634327914,,,2
197634331713,,,1
197634331676,,,1
197634331669,,,3
197634331805,,,1
197634331812,,,2
192525658290,,,1
192526666218,,,1
192526671519,,,1
192526673612,,,1
192526850211,,,1
192524981634,,,1
192527369897,,,1
192527370435,,,1
192527370442,,,1
192527370473,,,1
192527370503,,,1
192527370565,,,1
192859095952,,,1
192857483775,,,1
192858631533,,,44
192858780705,,,1
192858781412,,,1
192858781382,,,1
192858781375,,,1
192858782808,,,2
192858895737,,,5
192858895720,,,3
192858896338,,,1
192858896925,,,2
192858897038,,,13
192859090155,,,36
192859090162,,,2
192859090230,,,1
192859090544,,,3
192859090520,,,4
192859091626,,,9
192859091633,,,6
192860135203,,,46
193325690657,,,1
193325690848,,,1
193325753284,,,1
193325753895,,,1
193325753901,,,1
193325755110,,,1
193325755882,,,1
193325884933,,,7
193325885329,,,12
193325885404,,,1
193325885435,,,34
193325885442,,,22
193325885466,,,3
193325885473,,,8
193325885497,,,2
193325885503,,,15
193325999224,,,1
193326680633,,,46
886956320405,,,1
193648049606,,,1
193648248771,,,1
193648625152,,,6
193648625183,,,1
193648625206,,,298
193648810855,,,3
193648810862,,,2
193648810879,,,52
193650537795,,,102
193650537788,,,11
193650537832,,,54
193650537849,,,252
193650537856,,,230
193650537863,,,194
193650537870,,,88
193650537887,,,86
193650537986,,,2
193650636924,,,1
193650909905,,,37
193650910284,,,47
193650910666,,,56
193650911991,,,35
193650912011,,,59
194087267361,,,1
194087489121,,,36
194087489138,,,7
194087489237,,,7
194088279479,,,4
194089023606,,,2
194089141485,,,1
194090405576,,,65
194455239938,,,61
194455239952,,,21
194455921727,,,29
194457228275,,,1
194457228299,,,1
194457425544,,,102
194457427081,,,119
194457427128,,,79
194457429856,,,164
194789643340,,,19
194789643357,,,22
194790097071,,,1
194790986078,,,66
194790986108,,,162
194790986115,,,40
194790986214,,,6
194790986344,,,41
194790986368,,,69
195131197931,,,1
195131197924,,,6
195131197955,,,3
195131197917,,,2
195131197962,,,7
195131197948,,,7
195131197986,,,1
195131198129,,,1
195131198150,,,2
195131198143,,,3
195131198228,,,1
195131198259,,,5
195131198242,,,2
195131198341,,,9
195131198372,,,2
195131198389,,,1
195131198525,,,4
195131198556,,,6
195131198518,,,2
195131198549,,,1
195131972279,,,1
195599548955,,,3
195599548979,,,2
195599548986,,,6
195599549006,,,3
195599549013,,,2
195599549020,,,3
195599549044,,,5
195599549181,,,6
196172395485,,,1
196172397267,,,1
196172398448,,,1
196172399643,,,1
196172400844,,,1
196175017797,,,1
196175018015,,,1
196175018091,,,2
196175018084,,,1
196313105157,,,1
196315180961,,,6
196315180978,,,17
196315180992,,,8
196315188103,,,26
196315188110,,,6
196315188158,,,1
196315188424,,,129
196315188431,,,7
196315188479,,,22
886951553105,,,1
197371298829,,,8
197371298836,,,50
197371298843,,,36
886954519665,,,1
886954519689,,,1
886955005044,,,2
886955715059,,,1
886955585331,,,1
886955585591,,,1
673106178685,,,12
190182720978,,,12
199419436323,,,1
886956154314,,,1
886956219723,,,1
886956222709,,,1
886956233712,,,1
886956233897,,,1
886956134651,,,1
195000721588,,,36
191812967657,,,24
195000540578,,,24
197172392825,,,36
191812926524,,,18
196895332002,,,18
191119146106,,,12
191119824028,,,24
195000525964,,,24
190182165106,,,12
192309815314,,,6
193234748425,,,22
193234731083,,,23
197172576058,,,17
888753233438,,,1
190182525962,,,48
193234933708,,,36
190182165137,,,18
53838490994,,,24
199246112285,,,23
4055262039547,,,1
4055262039592,,,1
4055262039622,,,1
4053987616340,,,1
4053987616388,,,1
4053987616401,,,1
4053987616425,,,1
4053987616432,,,1
5206432200949,,,2
5206432200970,,,3
5206432201007,,,2
5206432201038,,,2
8713537871204,,,2
8713537871235,,,2
8713537871167,,,2
5206432204497,,,1
5206432204527,,,1
5206432204558,,,1
8713537466103,,,1
8713537913782,,,2
8713537913799,,,3
8713537466110,,,1
8713537466127,,,2
8713537391801,,,1
8713537391825,,,2
8713537391924,,,1
8713537391931,,,2
8713537391948,,,3
887767707119,,,1
887767707126,,,1
4053985965860,,,1
4053985965877,,,1
4053985966836,,,1
4053985965891,,,1
4053985966850,,,1
4053985965914,,,1
4053987717634,,,1
4053987717658,,,1
4053987871893,,,1
4053987871985,,,1
4053987804839,,,2
4053987804853,,,1
4053987804860,,,1
4053987812735,,,1
4053987812995,,,1
4053987813022,,,1
4053987813046,,,1
4053987813077,,,2
4053987813084,,,1
4053987992642,,,1
4053987992666,,,1
4053987992673,,,1
4053987992697,,,1
4053987992703,,,2
4053987992727,,,1
5206432206095,,,1
5206432206125,,,1
5206432206064,,,1
5206432206170,,,1
5206432206224,,,1
5206432206231,,,1
5206432206255,,,1
5206432206262,,,1
5206432206286,,,1
886955094697,,,1
886955094703,,,1
886955094734,,,1
886955756120,,,2
886955756236,,,1
886955756243,,,1
886955756779,,,1
886955772892,,,1
886955782525,,,1
886955782709,,,1
886955782969,,,2
886956175869,,,1
888753286250,,,1
888753791259,,,1
888753791273,,,1
4053986283581,,,1
4053986283611,,,1
633641962293,,,1
723567028323,,,1
195489631682,,,5
195489631736,,,24
195489631743,,,12
195489630371,,,4
195489630906,,,9
195489630890,,,11
195489630883,,,8
195489632122,,,39
195489629870,,,1
195489629863,,,1
195489633525,,,1
195489633518,,,3
195489633556,,,1
195489628521,,,20
195489629986,,,3
195489633488,,,4
195489633471,,,6
195489633464,,,3
195489629979,,,1
195489633549,,,1
195599787606,,,27
195600618202,,,2
195953876885,,,53
195953878629,,,4
195953878612,,,4
195953876342,,,2
195953878605,,,4
196080411789,,,1
196172939412,,,3
196172936732,,,169
196312143723,,,6
196312143464,,,2
196312142665,,,6
196312143525,,,22
196312143440,,,18
196312143839,,,2
196312143501,,,30
196313088511,,,53
196313085299,,,5
196313085282,,,1
196313093089,,,1
196313778351,,,30
196313778399,,,41
196313979994,,,1
196313979970,,,65
196313979963,,,71
196313980020,,,18
196315672299,,,3
196499539302,,,1
196500814411,,,1
196501271503,,,1
196501271480,,,4
196501271206,,,5
196501271183,,,3
196501663964,,,24
196501663957,,,43
196501663940,,,5
196501663919,,,5
196501663902,,,6
196501663896,,,1
196501664046,,,1
196501664039,,,1
196501756802,,,3
196502234576,,,6
196818663350,,,15
196818665828,,,2
196818665965,,,4
196818665958,,,20
196818665989,,,2
196818665569,,,12
196818665439,,,39
196818665170,,,21
196818665316,,,1
196818665309,,,23
196818665330,,,4
196818664661,,,2
196818664654,,,16
196818664791,,,4
196818664784,,,22
196818664814,,,5
196818664401,,,3
196818664395,,,19
196818664272,,,2
196818664265,,,43
196818664135,,,10
196818664005,,,14
196818663879,,,9
196818663091,,,17
196818662841,,,3
196818662834,,,14
196818662865,,,2
196818662971,,,1
196818662964,,,21
196818662575,,,12
196818662445,,,7
196818662193,,,5
196818662186,,,20
196818662216,,,1
196818662322,,,1
196818662315,,,14
196818662056,,,23
196818662087,,,1
196818661691,,,26
196818661660,,,6
196818661608,,,21
196818661646,,,17
196818661615,,,25
196818661677,,,11
196818661639,,,18
196818661578,,,28
196818661585,,,25
196818661561,,,72
196818661493,,,19
196818661516,,,106
196818661547,,,18
196818661530,,,7
196818661554,,,6
196818661486,,,20
196818661455,,,26
196818661462,,,22
196818661479,,,11
196818661400,,,28
196818661417,,,19
196818661431,,,15
196818661424,,,19
196818661394,,,21
196818661325,,,27
196818661301,,,28
196818661295,,,26
196818661387,,,23
196818661370,,,20
196818661189,,,28
196818661240,,,22
196818661233,,,24
196818661226,,,30
196818661264,,,28
196818661257,,,78
196818661141,,,27
196818661127,,,28
196818661158,,,28
196818661202,,,43
196818661103,,,19
196818720497,,,21
196819090971,,,1
196819090599,,,3
196819086837,,,3
196819076654,,,11
196819078467,,,1
196819084604,,,1
196819081993,,,2
196819081979,,,1
196819079990,,,1
196819083706,,,1
196819082716,,,1
196819082693,,,2
196819082709,,,1
196819082648,,,1
196819082495,,,1
196819082525,,,2
196819081436,,,7
196819084499,,,1
196821294329,,,1
196821893492,,,18
196821893416,,,1
196821893300,,,11
196821893409,,,6
196821893393,,,61
196821891986,,,8
196821889488,,,1
196821889518,,,2
196996515960,,,1
196996507330,,,1
196996507279,,,1
196996510651,,,1
196996510644,,,2
196996510637,,,1
196996510668,,,1
196996506739,,,1
196996568669,,,29
196996568782,,,20
196996568775,,,44
196996568768,,,7
196996568744,,,6
196996668505,,,12
196996671192,,,44
196996749853,,,5
196996749877,,,1
196996749914,,,5
196998515296,,,31
196998515272,,,2
196998515265,,,5
196998644606,,,20
196998647645,,,2
196998647638,,,1
196998647720,,,3
196998597476,,,6
197214725321,,,1
197214725406,,,1
197214726243,,,3
197214726236,,,2
197214726014,,,1
197214723600,,,2
197214721026,,,1
197214721033,,,1
197214719887,,,1
197214720784,,,1
197214720777,,,2
197214720760,,,1
197214720715,,,1
197214720708,,,5
197214720739,,,4
197214720586,,,3
197214720616,,,3
197214726533,,,1
197214726465,,,3
197214726496,,,1
197214719153,,,1
197214718569,,,1
197214898865,,,140
197214899039,,,2
197214899060,,,4
197214898575,,,4
197214898551,,,3
197214898544,,,11
197214898537,,,8
197214898568,,,31
197214898582,,,3
197214898698,,,2
197214898674,,,3
197214898667,,,14
197214898650,,,10
197214898681,,,4
197214898704,,,1
197214898452,,,1
197214898438,,,2
197214898421,,,9
197214898414,,,3
197214898445,,,1
197214898193,,,9
197214898186,,,17
197214898179,,,6
197214898209,,,7
197214898315,,,2
197214898308,,,2
197214898292,,,4
197214898322,,,1
197214898070,,,4
197214898063,,,13
197214898056,,,12
197214898087,,,5
197214898100,,,1
197214897592,,,1
197214897585,,,2
197214897578,,,2
197214897608,,,1
197214897943,,,5
197214897936,,,11
197214897967,,,1
197214897790,,,2
197214897776,,,3
197214897769,,,10
197214897752,,,6
197214897783,,,2
197214896908,,,1
197214897035,,,1
197214897523,,,2
197214897516,,,1
197214897165,,,2
197214897158,,,1
197214897400,,,4
197214897394,,,3
197214897424,,,1
197214897134,,,1
197214897110,,,5
197214897103,,,5
197214897127,,,3
197214897219,,,2
197214877389,,,1
197214877372,,,8
197214896403,,,5
197214896632,,,2
197214896625,,,2
197214896618,,,2
197214896748,,,1
197214896731,,,1
197215898314,,,2
197371272515,,,2
197371272492,,,2
197371272522,,,2
197371275103,,,1
197371275097,,,4
197371275080,,,3
197371338464,,,2
197371305886,,,1
197371307194,,,63
197371307163,,,49
197371996916,,,4
197371996909,,,3
197371996930,,,2
197372116443,,,4
197372116436,,,4
197372116429,,,1
197372116450,,,1
197373772181,,,1
197373890533,,,1
197373884563,,,1
197373884648,,,12
197373890090,,,1
197373893749,,,1
197373921084,,,2
197373937818,,,1
197373937801,,,1
197373924023,,,1
197373924016,,,4
197373924009,,,2
197373924030,,,3
197373925419,,,2
197373925273,,,2
197373928656,,,2
197373933131,,,1
197373939911,,,1
197373940030,,,1
197373940054,,,1
197374041989,,,10
197374040487,,,50
197374041996,,,15
197374041972,,,52
197374041965,,,30
197374041842,,,5
197374041828,,,62
197374041934,,,130
197374041958,,,3
197374041910,,,30
197374041927,,,5
197374041873,,,17
197374041897,,,42
197374042672,,,113
197882664144,,,2
197882665110,,,1
197882666735,,,1
197882666711,,,1
197882663666,,,1
197882665165,,,1
197882661310,,,1
197882662294,,,1
197882807589,,,1
197882805561,,,1
197882805257,,,1
197882991370,,,1
197882944154,,,6
197882991059,,,6
197882991271,,,1
197882991257,,,5
197882991240,,,58
197882991110,,,2
197882991134,,,3
197882991103,,,3
197882991127,,,26
197882944123,,,7
197882991080,,,24
197882944116,,,3
197882991301,,,57
197883136923,,,18
197883295736,,,2
197883295620,,,1
197883229670,,,23
197883228383,,,1
197883645784,,,1
197883645760,,,2
197883645753,,,1
197883645777,,,1
197883645449,,,1
197883643421,,,1
197883643414,,,3
197883643407,,,2
197883643438,,,2
197883643452,,,1
197883644015,,,3
197883644008,,,3
197883644039,,,2
197883644053,,,1
197883643841,,,1
197883643834,,,3
197883643827,,,3
197883643858,,,2
197883643872,,,1
198058828988,,,6
198058828995,,,10
198058829008,,,5
198058828742,,,9
198058828759,,,22
198058828766,,,5
198058828773,,,7
198058828780,,,17
198058828797,,,6
198058829015,,,3
198058829022,,,2
198058829039,,,9
198058828896,,,15
198058829046,,,5
198058829053,,,12
198058828957,,,7
198058828964,,,14
198058828971,,,4
198058847316,,,2
198058847309,,,2
198058847323,,,2
198058845510,,,1
198058845503,,,2
198058845497,,,3
198058845527,,,1
198058842274,,,1
198058842267,,,3
198058842250,,,1
198058842281,,,1
198058839809,,,1
198058839793,,,3
198058839823,,,1
198058839731,,,1
198058839762,,,1
198058839212,,,1
198058839205,,,3
198058839199,,,2
198058839229,,,1
198058847842,,,2
198058847835,,,4
198058839441,,,1
198058839434,,,2
198058834057,,,1
198058834040,,,2
198058834033,,,3
198058834064,,,1
198058832480,,,2
198058832473,,,1
198058832503,,,1
198058831834,,,1
198058831827,,,2
198058831810,,,2
198058831841,,,2
198058835436,,,2
198058835443,,,1
198058832671,,,1
198058832664,,,4
198058832657,,,4
198058832688,,,2
198058832602,,,3
198058832596,,,3
198058829428,,,4
198058829411,,,4
198058829442,,,1
198058829251,,,2
198058829237,,,4
198058829268,,,1
198058834651,,,2
198058834644,,,4
198058834637,,,4
198058834668,,,1
198058829312,,,1
198058829305,,,1
198058829299,,,2
198058829329,,,2
198058834767,,,2
198058834750,,,2
198058834781,,,1
198058834828,,,2
198058834811,,,3
198058829541,,,4
198058829534,,,3
198058829602,,,3
198058829596,,,2
198058829626,,,2
198058829510,,,1
198058829497,,,1
198058829480,,,3
198058829473,,,3
198058829503,,,1
198058843769,,,3
198058843752,,,3
198058840539,,,1
198058840522,,,1
198058836860,,,1
198058836853,,,2
198058836884,,,1
198058836839,,,1
198058836815,,,1
198058836808,,,2
198058836792,,,4
198058836822,,,3
198058836846,,,1
198058835788,,,1
198058835771,,,4
198058835801,,,1
198058835900,,,1
198058836211,,,1
198058836204,,,4
198058836198,,,5
198058836228,,,2
198058836150,,,2
198058836143,,,4
198058836136,,,4
198058836167,,,2
198058847606,,,2
198058847552,,,1
198058847545,,,1
198058847538,,,3
198058847569,,,1
198058818101,,,1
198058818309,,,1
198058818378,,,1
198058818354,,,1
198058818385,,,1
198058818392,,,1
198058818088,,,3
198058818019,,,18
198058807235,,,1
198058815520,,,5
198058810273,,,1
198058818057,,,5
198058817821,,,17
198058817838,,,8
198059690119,,,5
198059690102,,,1
198059690164,,,9
198059690058,,,3
198059690065,,,3
198059881838,,,2
198060678502,,,47
198060682356,,,28
198061293056,,,5
198061293049,,,11
198061293032,,,4
198061293025,,,4
198061289882,,,1
198061289875,,,18
198061289868,,,1
198061293070,,,11
198061291779,,,2
198061290215,,,6
198061293018,,,2
198061277643,,,11
198061286126,,,2
198061289196,,,11
198061309740,,,60
198061309733,,,84
198061272150,,,3
198061272815,,,3
198061272808,,,1
198061272839,,,1
198061273188,,,2
198061273164,,,1
198061273126,,,1
198061273119,,,1
198061273102,,,1
198061272020,,,1
198061271207,,,1
198061271191,,,2
198061271184,,,3
198061271085,,,2
198061271078,,,4
198061271061,,,3
198061271092,,,1
198061270606,,,1
198061270590,,,4
198061270583,,,3
198061270613,,,2
198061270637,,,1
198061287611,,,39
198061290239,,,1
198061288151,,,7
198061288175,,,1
198061289363,,,20
198061294329,,,13
198357764383,,,3
198357970708,,,2
198357970692,,,2
198357970685,,,1
198357970883,,,1
198357970876,,,2
198357970869,,,1
198357971729,,,1
198357971712,,,3
198357971835,,,2
198357971828,,,1
198357971231,,,3
198357971224,,,3
198357974362,,,1
198358993188,,,6
198358993997,,,128
198358993973,,,144
198358997599,,,14
198358997605,,,44
198358989129,,,4
198359228357,,,1
198359228333,,,1
198359228326,,,1
198359228319,,,1
198359226773,,,2
198359230749,,,2
198359220030,,,2
198359221600,,,3
198359221594,,,1
198359221624,,,2
198359221648,,,1
198359213537,,,1
198359214787,,,1
198359214893,,,1
198359214886,,,2
198359214879,,,1
198359214909,,,1
198359214411,,,2
198359214398,,,1
198359214381,,,2
198359214312,,,2
198359214275,,,1
198359214305,,,3
198359213667,,,1
198359217702,,,1
198359217696,,,1
198359217726,,,1
198359217054,,,2
198359217047,,,4
198359217030,,,3
198359217061,,,2
198359217085,,,1
198359217108,,,2
198359217092,,,1
198359213995,,,1
198359213988,,,3
198359213971,,,3
198359214008,,,2
198359228456,,,1
198359221112,,,1
198359221327,,,1
198359344637,,,1
198359530276,,,3
198360178054,,,2
198360177873,,,5
198580858552,,,1
198582465468,,,3
198582600517,,,1
198582600500,,,1
198582599866,,,2
198582601934,,,1
198582596070,,,1
198582596063,,,1
198582596056,,,2
198582596087,,,1
198582595998,,,2
198582594908,,,2
198582596117,,,1
198582594854,,,1
198582594830,,,2
198582594861,,,1
198582605062,,,2
198582598852,,,2
198582595509,,,1
198582595547,,,1
198758122089,,,1
198758122249,,,5
198758122096,,,7
198758122102,,,6
198758121624,,,1
198758734077,,,3
198758734060,,,9
198758734053,,,23
198758734022,,,2
198758734008,,,25
198758734015,,,11
198758734046,,,39
198758734039,,,24
198758735197,,,9
198758735180,,,9
198758735203,,,5
198758734138,,,39
198758733889,,,40
198758829063,,,2
198758829056,,,16
198758829049,,,3
198758829070,,,14
198758828875,,,2
198758828868,,,2
198758828899,,,2
198758828813,,,1
198758828806,,,3
198758828837,,,1
198758828936,,,4
198758815776,,,2
198758815769,,,5
198758815752,,,1
198758815783,,,1
198758815110,,,1
198758815103,,,2
198758815097,,,2
198758815127,,,1
198758814755,,,3
198758814748,,,7
198758814731,,,11
198758814762,,,7
198758814939,,,7
198758814922,,,11
198758814915,,,11
198758814946,,,15
198758815592,,,1
198758815585,,,2
198758815578,,,2
198758815042,,,1
198758815035,,,1
198759367243,,,1
198759367236,,,1
198759367229,,,1
198759367465,,,2
198759388033,,,1
198759388026,,,1
198759387487,,,1
198759387470,,,1
198759387500,,,1
198759386893,,,1
198759389535,,,1
198759389542,,,1
198759389566,,,4
198759383830,,,2
198759384127,,,1
198759384110,,,3
198759384141,,,2
198759384189,,,1
198759384172,,,2
198759382796,,,1
198759382826,,,1
198759381430,,,4
198759381423,,,1
198759381256,,,2
198759381249,,,2
198759381232,,,3
198759381263,,,3
198759381379,,,3
198759381362,,,1
198759381355,,,2
198759381386,,,1
198759118425,,,1
198759475825,,,14
198759475795,,,12
198759558177,,,4
198759558160,,,11
198759558184,,,4
198759588389,,,3
198759588334,,,38
198759557248,,,6
198759558306,,,8
198759558290,,,2
198759568565,,,185
198759568572,,,123
198759588792,,,155
198759588822,,,101
198759588785,,,114
198759558528,,,64
198759557439,,,12
198759557422,,,3
198759588068,,,4
198759583179,,,28
198759558344,,,125
198759569395,,,81
198759569432,,,119
198759569463,,,1
198759569326,,,2
198759569364,,,3
198759569159,,,4
198759569265,,,6
198759777684,,,2
198759776847,,,1
198976882598,,,2
198976882581,,,2
198976882741,,,1
198976882727,,,2
198976882710,,,6
198976882703,,,6
198976882734,,,2
198976883083,,,1
198976883076,,,2
198976883069,,,1
198977897409,,,24
198977870570,,,1
198977870648,,,2
198977870525,,,6
198977870532,,,4
198977870327,,,4
198977870693,,,3
198977870686,,,1
198977919637,,,2
198977919873,,,2
198977919866,,,1
198977964040,,,1
198977964293,,,11
198977964309,,,4
198978177135,,,6
198978177128,,,2
198978086291,,,13
198978086352,,,3
198978086369,,,1
198978086321,,,12
198978084105,,,13
198978174134,,,1
198978084099,,,17
198978302681,,,2
198978386698,,,1
198978719205,,,1
198978719229,,,2
199419790586,,,18
199419790579,,,18
199195055046,,,3
199195055039,,,6
199195054858,,,4
199195054841,,,1
199195054926,,,3
199195054919,,,6
199195054902,,,1
199196476352,,,1
199196484838,,,1
199196485019,,,3
199196485040,,,1
199196484654,,,2
199196482117,,,2
199196482100,,,2
199196482131,,,1
199196482056,,,1
199196482049,,,3
199196482070,,,2
199196484593,,,3
199196484715,,,2
199196482841,,,2
199196482834,,,4
199196482827,,,6
199196481752,,,1
199196482353,,,3
199196482346,,,1
199196482377,,,2
199196482292,,,2
199196482285,,,3
199196482315,,,1
199196481288,,,2
199196481264,,,2
199196481202,,,1
199196481165,,,1
199196481158,,,2
199196481141,,,1
199196481080,,,1
199196488676,,,1
199196488621,,,2
199196488614,,,1
199196481400,,,2
199196481394,,,3
199196481387,,,3
199196481417,,,2
199196482421,,,1
199196482414,,,6
199196482407,,,10
199196482438,,,2
199196482599,,,3
199196482582,,,4
199196482476,,,3
199196482469,,,4
199196482537,,,6
199196482520,,,6
199196485576,,,1
199196485569,,,5
199196485552,,,4
199196485446,,,1
199196479407,,,2
199196479537,,,3
199196479520,,,2
199196480373,,,1
199196507148,,,26
199196507124,,,12
199196507131,,,50
199196507162,,,61
199196507155,,,64
199196504512,,,64
199196550724,,,31
199196504499,,,13
199196506547,,,31
199196506554,,,65
199196507179,,,26
199196506561,,,4
199196503997,,,46
199196503980,,,11
199196504123,,,19
199196503935,,,42
199196504055,,,4
199196504048,,,6
199196509142,,,13
199196509159,,,12
199196509203,,,11
199196509210,,,11
199196503881,,,3
199196503874,,,3
199196509227,,,8
199196509234,,,4
199196503942,,,7
199196509180,,,4
199196509197,,,10
199196509241,,,13
199196509258,,,12
199196509081,,,11
199196509098,,,13
199196509401,,,8
199196509418,,,5
199196550939,,,5
199196550946,,,13
199196509388,,,4
199196509104,,,5
199196509111,,,7
199196509128,,,5
199196509135,,,12
199196509364,,,4
199196509371,,,7
199196550717,,,54
199196504468,,,33
199196509340,,,5
199196509357,,,7
199196509272,,,1
199196506691,,,9
199196509289,,,2
199196509296,,,8
199196506707,,,35
199196506523,,,6
199196550861,,,20
199196503706,,,10
199196505939,,,13
199196503713,,,8
199196507674,,,3
199196507667,,,9
199196504543,,,16
199196504536,,,46
199196504550,,,12
199196504208,,,3
199196504338,,,4
199196504222,,,13
199196509005,,,8
199196508992,,,4
199196504239,,,16
199196508183,,,12
199196506592,,,24
199196550854,,,24
199196508657,,,1
199196508671,,,1
199196508633,,,2
199196508688,,,3
199196508664,,,2
199196504796,,,22
199196506899,,,60
199196506936,,,24
199196506950,,,3
199196506578,,,43
199196504789,,,6
199196506585,,,15
199196507247,,,1
199196507230,,,1
199196507278,,,4
199196507254,,,4
199196507032,,,18
199196507049,,,8
199196507056,,,12
199196509838,,,7
199196509845,,,10
199196509852,,,13
199196506189,,,11
199196506752,,,23
199196506769,,,28
199196505984,,,11
199196509951,,,6
199196504352,,,6
199196505878,,,17
199196505885,,,36
199196505922,,,1
199196505915,,,3
199196505908,,,2
199196508220,,,15
199196507193,,,2
199196505670,,,10
199196505335,,,11
199196505069,,,8
199196507087,,,4
199196505342,,,14
199196507704,,,1
199196505472,,,15
199196504680,,,7
199196509739,,,1
199196505328,,,16
199196505359,,,18
199196507544,,,16
199196505366,,,19
199196509654,,,18
199196508497,,,16
199196507568,,,6
199196509777,,,6
199196509760,,,8
199196550823,,,2
199196550816,,,2
199196505380,,,4
199196504314,,,4
199196504277,,,30
199196504864,,,2
199196509890,,,4
199196509883,,,2
199196508060,,,1
199196507018,,,16
199196509531,,,12
199196509524,,,1
199196509500,,,1
199196503683,,,14
199197645436,,,1
199197645429,,,2
199197979913,,,1
199197979920,,,1
199198181223,,,3
199198180691,,,1
199198180721,,,2
199198400294,,,1
199198449170,,,6
199198449033,,,4
199198745012,,,1
199198745029,,,33
199417745281,,,3
199417745298,,,9
199417744567,,,5
199417744468,,,3
199417744475,,,3
199417744505,,,2
199417744499,,,1
199417744529,,,3
199417744482,,,3
199417744536,,,3
199417744512,,,3
199417744543,,,3
199417744550,,,3
199417744932,,,6
199419076116,,,4
199419076109,,,3
199420489684,,,3
199420489752,,,4
199420489745,,,7
199420489738,,,7
199637722697,,,1
199637722123,,,3
199637722086,,,2
199637722208,,,6
199637722192,,,7
199637722222,,,7
199637722185,,,8
199637722239,,,9
199637721928,,,1
199637916751,,,1
5206432206781,,,1
5206432206798,,,1
5206432206828,,,1
5206432206842,,,1
5206432206859,,,2
5206432206873,,,1
5206432206880,,,1
5206432207115,,,1
5206432207122,,,1
5206432207146,,,1
5206432207153,,,2
5206432207177,,,1
5206432207689,,,1
5206432207702,,,3
5206432207719,,,2
5206432207740,,,2
5206432207764,,,1
5206432207771,,,1
5206432207979,,,1
5206432208006,,,2
5206432208037,,,2
5206432208068,,,1
5206432208471,,,2
5206432208501,,,1
5206432208624,,,1
5206432208631,,,2
5206432208655,,,1
5206432208686,,,1
5206432208808,,,1
5206432210610,,,2
5206432210641,,,2
5206432210672,,,1
5206432210870,,,1
5206432210900,,,2
5206432210931,,,1
886955647947,,,1
888753175394,,,1
888753195736,,,1
888753195811,,,1
1013536739,,,89
1013716568,,,1
198061962945,,,1
198581291259,,,1
198581280376,,,1
5206432211389,,,2
5206432211419,,,2
5206432211440,,,1
5206432212133,,,2
5206432212164,,,2
5206432212195,,,4
5206432212225,,,2
5206432214557,,,1
5206432214571,,,1
5206432214588,,,1
5206432214601,,,2
5206432214618,,,2
5206432214632,,,1
4060981723141,,,3
888714520089,,,10
888714520058,,,7
888716762081,,,1
888716762067,,,1
889354864229,,,1
889354835434,,,1
889354835427,,,2
889354831535,,,2
889677108901,,,1
889676916514,,,1
889676916545,,,2
190290667028,,,1
190843368587,,,122
884991487145,,,18
191324163356,,,1
191324163073,,,1
191324163240,,,1
191324161895,,,1
191324161871,,,1
191324162380,,,1
191324163158,,,1
191324162960,,,1
191324162946,,,1
191715587327,,,1
191324162854,,,1
191324163202,,,1
191324163189,,,1
192524493687,,,1
192524494370,,,62
8713537320030,,,3
8713537645676,,,2
2200001294158,,,1
190107370615,,,1
190107371209,,,1
190107371230,,,2
4055338576228,,,1
4055338460619,,,2
4055338299899,,,1
4055338509738,,,2
4055339050758,,,2
4055339050765,,,2
4055339050680,,,1
4055338674788,,,2
4055338679011,,,1
4055338679035,,,1
4055339050796,,,1
4055339050871,,,1
887767826780,,,1
887767848270,,,1
4055014114942,,,2
4055014114911,,,2
4055014114928,,,1
4055339099344,,,1
4055339099368,,,1
4055339099290,,,1
4055338780397,,,1
4055011443885,,,1
4054072913931,,,1
4054072914013,,,1
196096039236,,,5
196096039243,,,3
196096039199,,,3
196096039205,,,3
196096039212,,,2
196096039397,,,5
196096039403,,,3
196096039366,,,1
196096039557,,,5
196096039564,,,3
196096039496,,,4
196096039502,,,3
196096039519,,,2
194493825520,,,1
194493825537,,,1
194493825544,,,1
194494243224,,,2
194494243231,,,1
194497686721,,,1
194497686745,,,1
196096045336,,,34
196096045343,,,42
196096045350,,,59
196096045367,,,57
196096045411,,,7
196096045428,,,15
196096045435,,,13
196096045442,,,9
196096045596,,,5
196096052891,,,3
196096053089,,,3
196096053096,,,2
5054576316282,,,1
5054576316299,,,1
4050266207329,,,2
4050266207336,,,1
5054576961970,,,1
5057101284285,,,1
5057101284292,,,1
5057101284315,,,1
5057101284599,,,1
5057101284940,,,1
5057101285305,,,1
5057101285312,,,1
5057101285336,,,1
5057101286500,,,1
5057101491898,,,1
5057101491904,,,1
5057101491928,,,2
5057842063705,,,1
5057101491980,,,1
5057101492024,,,1
5057842064924,,,1
5057842268308,,,2
4050948319845,,,1
4050948319852,,,1
5054576370550,,,1
5057842022375,,,2
5057842022382,,,1
5057842022436,,,3
5057842022443,,,2
5054576131830,,,1
5054576100812,,,1
5057842302750,,,1
5057842035450,,,12
5054576219408,,,1
5054576219422,,,1
5054576219439,,,1
5054576101444,,,1
5057842070956,,,1
5057842042618,,,1
5057842042625,,,2
5057101332696,,,1
5057101335437,,,1
5057101338469,,,2
5057842046531,,,1
5057101211359,,,1
196096046296,,,8
196096046302,,,19
196096046319,,,19
196096046326,,,4
196096046371,,,3
196096046456,,,4
196096046463,,,2
196096046487,,,3
196096046531,,,5
196096046548,,,2
196096046562,,,3
196096046616,,,3
196096046623,,,5
196096046692,,,3
196096046708,,,6
196096046784,,,1
196096046791,,,1
196096047095,,,10
196096047170,,,29
196096047187,,,43
196096047194,,,59
196096047200,,,35
196096047330,,,5
196096047347,,,2
196096047361,,,1
196096047668,,,2
196096047811,,,2
196096047828,,,2
196096047835,,,5
196096047842,,,5
196096047897,,,7
196096047903,,,8
196096047910,,,12
196096047927,,,14
196096047972,,,11
196096047989,,,17
196096047996,,,13
196096048009,,,8
196096048054,,,4
196096048061,,,14
196096048078,,,9
196096048085,,,15
196096048214,,,2
196096048245,,,1
196096048290,,,34
196096048306,,,28
196096048313,,,60
196096048320,,,50
196096106600,,,2
196096106624,,,2
196096106525,,,34
196096106532,,,42
196096106549,,,62
196096106556,,,55
196096048719,,,1
196096048771,,,4
196096048788,,,1
196096048795,,,5
196096048801,,,2
196096048856,,,4
196096048863,,,5
196096048931,,,5
196096048948,,,5
190107306386,,,2
190107306393,,,1
190107306836,,,1
5057907289644,,,1
5057907289651,,,1
5054576371922,,,1
5063068280123,,,1
5063068280130,,,3
5063068280147,,,2
5063068280154,,,1
5063068280161,,,1
5063068280192,,,3
5063068280208,,,2
5063068280215,,,1
5063068280222,,,1
5063068297763,,,1
5063068297770,,,2
5063068297787,,,2
5063068297794,,,1
5063068297800,,,1
5063068517687,,,1
5063068517694,,,2
5063068517700,,,2
5063068517717,,,1
5063068517908,,,1
5063068517915,,,2
5063068517922,,,2
5063068517939,,,1
5063068518127,,,1
5063068518134,,,2
5063068518141,,,2
5063068518165,,,1
5063068486075,,,1
5063068486082,,,1
5063068764692,,,1
5063068764708,,,2
5063068764715,,,2
5063068764739,,,1
5063068764746,,,1
5063068538781,,,2
5063068538798,,,2
5063068714345,,,1
5063068714352,,,2
5063068714369,,,2
5063068714376,,,1
5063068714383,,,1
5063634082052,,,1
5063634082069,,,3
5063634082076,,,2
5063634082083,,,1
5063634082090,,,1
5063634082380,,,1
5063634082397,,,3
5063634082403,,,2
5063634082410,,,1
5063634082427,,,1
5063634083158,,,1
5063634083165,,,3
5063634083172,,,2
5063634083189,,,1
5063634083196,,,1
5057842088944,,,1
5063634102071,,,1
5063634102088,,,2
5063634102095,,,1
5063634102101,,,1
5063634102118,,,1
5057101448922,,,1
5057101360293,,,1
5057101369227,,,1
5059726876753,,,1
5059726876760,,,1
5059726809485,,,1
5059726809492,,,2
4054075449390,,,1
4054075495489,,,1
4054075495625,,,1
4054075495649,,,1
5059726950279,,,1
5059726950286,,,3
5063068926687,,,1
5063068926694,,,3
4054709023309,,,2
4054709509506,,,2
5057101021859,,,2
5057842924907,,,1
5057847502544,,,3
5057847504531,,,2
5057847504838,,,1
5063068025847,,,2
5063068025854,,,2
5059726613464,,,1
5059726613471,,,1
5059726613488,,,1
5059726473334,,,1
5059726473341,,,2
5059726473358,,,2
5059726473365,,,1
5059726473877,,,1
5059726473884,,,2
5059726473891,,,1
5059726473907,,,1
5063068593155,,,1
5063068593162,,,2
5063068593186,,,1
5063068593193,,,1
5057101547311,,,1
5057842877340,,,1
5059726818234,,,2
5059726818326,,,1
5063068213404,,,1
5063068213411,,,1
5063068213428,,,1
5063068213435,,,1
5063068213442,,,1
5063068594602,,,1
5063068594619,,,2
5063068594626,,,2
5063068594633,,,1
5063068594824,,,1
5063068594831,,,2
5063068594848,,,2
5063068594855,,,1
190107373937,,,1
195907844694,,,1
5057101627525,,,1
5057842095386,,,1
5057842097809,,,2
5057842097823,,,2
5057842098349,,,1
5057842098356,,,1
5057842098363,,,1
5057842098370,,,1
5057842098639,,,1
5057842100257,,,2
5057842101308,,,1
5057842101339,,,1
5057842103470,,,2
5057842103494,,,1
5057842106211,,,1
5057101782293,,,1
5057101782309,,,1
5057842894415,,,1
5057842895122,,,1
5057842895221,,,1
5057842895269,,,1
5059046404100,,,1
5057101024614,,,1
5057842333303,,,1
5057847271662,,,1
5063068157449,,,1
5063068197636,,,2
5063068157708,,,1
5063068157722,,,2
5063068157739,,,2
5063068157746,,,1
5063068343231,,,1
5063068435929,,,2
5063068343262,,,1
5063068754075,,,2
5063068754082,,,2
5063068754099,,,1
5063068754327,,,1
5063068754341,,,2
5063068754358,,,2
5063068754365,,,1
5063068754709,,,1
5063068817084,,,2
5063068754716,,,2
5063068754723,,,1
5057842361818,,,1
5057842361825,,,1
5057842362082,,,2
5057842362099,,,2
5057842362105,,,1
5063068033736,,,1
5063068033743,,,2
5063068033750,,,2
5063068033767,,,1
5063068033934,,,1
5063068033941,,,2
5063068033958,,,2
5063068033965,,,1
5063068600563,,,1
5063068600587,,,2
5063068600600,,,2
5063068600617,,,1
5063068495725,,,1
5063068495749,,,2
5063068495763,,,2
5063068495770,,,1
5063068600761,,,1
5063068600785,,,2
5063068600808,,,2
5063068601508,,,1
5063068601522,,,2
5063068601546,,,2
5063068601553,,,1
5063068550103,,,1
5063068550110,,,2
5063068550127,,,2
5063068550134,,,1
5063068550141,,,1
5063068602031,,,1
5063068602048,,,2
5063068602055,,,2
5063068602062,,,1
5063068602079,,,1
5063068602253,,,1
5063068602260,,,2
5063068602277,,,2
5063068602284,,,1
5063068602291,,,1
5057842814000,,,2
5059046232802,,,1
22859473125,,,1
886952781811,,,1
886952781880,,,1
5057842546062,,,2
886952782061,,,1
886952782382,,,1
886952782566,,,1
5054576867111,,,1
5059046413904,,,1
5059726110611,,,1
5059726110635,,,1
5059726110642,,,1
195481106850,,,1
5057842585320,,,1
5059046131266,,,11
5059046491360,,,1
5059046615667,,,1
1013369627,,,1
195503244515,,,2
196096049815,,,15
196096049822,,,19
196096049839,,,33
196096049846,,,22
196096049891,,,3
196096049907,,,14
196096049914,,,9
196096049921,,,2
196096050057,,,4
196096050064,,,3
196096050088,,,3
196096050866,,,6
196096050880,,,6
196096050934,,,22
196096050941,,,21
196096050965,,,21
196096051047,,,6
196096051092,,,6
196096051108,,,1
884506654529,,,1
884506654536,,,1
884506659265,,,1
884506659357,,,1
884506659371,,,1
884506659388,,,1
884506659395,,,1
4055338288473,,,1
4055338288510,,,2
4055338288558,,,1
4055338288466,,,1
4055338288480,,,1
4055338288527,,,1
4055338288565,,,1
4055338288497,,,1
889675165494,,,1
2200000069962,,,3
2200000070937,,,13
2200000078742,,,1
2200000074324,,,1
2200000075970,,,1
5415187015818,,,1
2200000078001,,,1
2200000074614,,,1
2200000077622,,,1
2200000070111,,,3
2200000075840,,,1
2200000078896,,,1
2200000066411,,,5
2200000074935,,,1
2200000074928,,,1
2200000066725,,,1
2200000077639,,,1
2200000068248,,,1
2200000071026,,,1
2200000074294,,,1
2200000076076,,,1
2200000074676,,,1
2200000074379,,,1
2200000075116,,,1
2200000076922,,,1
2200000066558,,,1
2200000078902,,,1
2200000075550,,,1
2200000075758,,,1
2200000076106,,,1
2200000075932,,,1
2200000075956,,,1
2200000072610,,,1
2200000068071,,,2
2200000079473,,,1
2200000067555,,,1
2200000067562,,,1
2200000067609,,,1
2200000069115,,,1
2200000078148,,,1
2200000068606,,,1
2200000065483,,,1
2200000072535,,,1
2200000065469,,,1
2200000072894,,,1
2200000067357,,,1
2200000066848,,,2
2200000070869,,,2
2200000070968,,,1
2200000067012,,,1
2200000078070,,,1
2200001276390,,,1
2200001276437,,,1
190107313742,,,2
196432647934,,,1
196432647941,,,2
196432647965,,,2
196432647972,,,1
196432647989,,,1
5400516493863,,,1
5400516458701,,,1
5400516457063,,,1
5400516458145,,,1
700054006804,,,1
700054007184,,,1
700054016582,,,1
700054053860,,,1
700054082921,,,1
700054084406,,,1
700051048623,,,1
700051048715,,,1
700051095887,,,1
700051340697,,,1
700051340680,,,2
700051341014,,,4
700051583537,,,1
700051572098,,,1
700051583179,,,1
700051583452,,,1
700051583445,,,1
700051585050,,,1
700051585340,,,1
700051585333,,,1
700053109865,,,1
700054175715,,,3
617931439528,,,1
700054513395,,,1
700054514163,,,2
706420425583,,,1
706420453210,,,1
885929278668,,,1
766182737317,,,2
766182737898,,,2
5415254630012,,,1
808390479891,,,1
5415254637059,,,1
5415254650737,,,1
5415280788077,,,1
5415254637493,,,1
5415254650935,,,1
885929448719,,,1
884805971815,,,1
884805971754,,,1
884805983306,,,3
884805983252,,,3
884805983245,,,4
885928352338,,,1
706421461634,,,1
706420734296,,,1
700053629004,,,1
53329991054,,,1
715752534115,,,1
888366193396,,,1
5400516443622,,,1
5400516445428,,,1
5400516487862,,,1
5400516480825,,,1
5400516482300,,,1
2200000072993,,,4
700053463820,,,1
887867105778,,,1
2200000068804,,,47
881862100325,,,2
881862100400,,,1
700054728959,,,3
700053819467,,,1
2200000077530,,,45
700053403376,,,1
617931427624,,,1
53329953250,,,2
53329953267,,,2
887040859757,,,1
887040859771,,,1
2200001291423,,,11
885929133004,,,1
887040077588,,,1
700054432375,,,1
2200001287723,,,5
53329371214,,,1
53329821658,,,1
53329821924,,,1
2200000068262,,,9
53329373638,,,1
888366021248,,,1
887040860265,,,1
827399204532,,,1
757969233641,,,1
2200001268135,,,1
885929731149,,,1
885929731163,,,1
700053419346,,,1
700053419353,,,1
885928135405,,,1
27906323217,,,2
27906407979,,,1
27906407986,,,2
27906407993,,,2
887040212286,,,1
5415254618973,,,1
700053388888,,,2
700053388918,,,1
27906335579,,,1
27906335586,,,1
700053389878,,,1
887040284832,,,1
887040218714,,,2
887040218929,,,1
700053390355,,,1
700053390362,,,1
700053390379,,,2
700053390386,,,2
700053390393,,,1
700053390409,,,1
27906336040,,,1
27906336064,,,1
887040296644,,,1
887040296675,,,1
887040296743,,,1
27906336286,,,1
27906336293,,,1
27906336309,,,1
27906358899,,,1
27906362421,,,1
27906375070,,,1
27906377180,,,1
27906377517,,,1
27906386038,,,2
27906386045,,,1
27906381033,,,1
27906380937,,,1
27906383983,,,1
27906383990,,,1
27906384416,,,1
27906384553,,,1
27906384577,,,2
27906384591,,,1
27906384973,,,1
27906384980,,,2
27906384997,,,1
27906385000,,,1
27906385017,,,1
27906385901,,,1
27906396457,,,2
27906396471,,,1
27906396464,,,1
27906396488,,,1
27906386281,,,1
27906386304,,,1
27906387219,,,1
27906387233,,,2
27906387240,,,2
27906387257,,,1
27906387264,,,1
27906550095,,,1
196244918390,,,1
196244918918,,,2
196244919243,,,2
196244918871,,,1
196244918673,,,1
196244919168,,,2
196244873750,,,3
196244873453,,,3
700053938472,,,1
700053938410,,,1
700053938427,,,1
700053940680,,,1
700053969834,,,1
700053973077,,,1
700053999558,,,1
700053999565,,,1
700054007870,,,1
700054067911,,,2
706420089822,,,1
700054074384,,,1
196571456947,,,1
32546197920,,,1
32546201276,,,1
32546204505,,,1
32546204536,,,1
32546204529,,,1
196570582364,,,1
196570582371,,,1
196570582388,,,1
196570582395,,,3
196570582401,,,3
196570582418,,,3
196570582425,,,1
196570582432,,,1
700053096684,,,1
700053566798,,,1
700053224445,,,1
700053224933,,,1
700053575479,,,1
700053578456,,,1
617931288096,,,1
617931290167,,,1
617931290174,,,1
190285044780,,,1
617932179201,,,1
191167572896,,,6
191167573466,,,2
191167572988,,,2
191167573107,,,2
191167573046,,,10
191167573411,,,5
191167573435,,,1
191167573206,,,9
191167573169,,,2
191167573367,,,1
192825870002,,,1
192825870026,,,1
617931950962,,,1
617931953833,,,1
195440373965,,,1
888655341842,,,1
888655342009,,,2
884805944765,,,2
884805945380,,,1
700053786844,,,2
193391112909,,,66
884805985904,,,1
884805954597,,,1
766182735016,,,5
766182735726,,,1
5415254632450,,,1
884805325342,,,1
885929497250,,,1
885929653656,,,1
885929654448,,,1
885929451467,,,2
885929451788,,,1
884805984044,,,3
884805984242,,,1
884805984181,,,2
884805978371,,,2
884805979453,,,2
884805979491,,,5
415182831364,,,1
415182831425,,,2
706421472814,,,1
196571458026,,,4
196571457838,,,6
196571457661,,,7
196571457623,,,6
196571457487,,,1
196571452970,,,1
196571452666,,,1
196571452604,,,3
196571452420,,,2
706421529693,,,1
766182498263,,,1
196571471742,,,1
706420118959,,,3
706420118843,,,1
191476711610,,,1
196571442445,,,3
196571442407,,,6
196571442261,,,2
196571422706,,,1
196571423611,,,3
190284490519,,,2
190284490915,,,1
190284503325,,,1
190285011072,,,1
190285012130,,,1
196570480080,,,2
196570480523,,,2
196570482343,,,1
196570482336,,,3
196570482596,,,1
5415280807815,,,1
884805314841,,,1
881862826843,,,1
881862798072,,,1
5415280800076,,,1
888655822884,,,1
196244761873,,,1
196244762603,,,1
196571327667,,,1
196571327681,,,1
196571269943,,,2
196571270314,,,1
196571271991,,,1
196571272318,,,2
196571273131,,,1
196571273476,,,2
196571273674,,,3
196571184864,,,1
196571185113,,,3
196571185427,,,3
196571185625,,,1
196571186516,,,1
197063320425,,,2
197063320616,,,3
197063320708,,,4
197063320784,,,6
197063321088,,,5
197063321187,,,5
197063321378,,,3
197063321460,,,2
197063320920,,,1
196571277344,,,1
196571276439,,,1
196571280597,,,1
197063387442,,,1
197063387466,,,2
197063387497,,,1
197063387848,,,1
197063387978,,,1
196571177118,,,1
196571177170,,,1
196571177668,,,1
196571177699,,,1
196571177750,,,1
196571283789,,,1
196571284045,,,1
196573418530,,,3
196573418578,,,2
196573418820,,,1
196573418868,,,3
196573418882,,,5
196573419100,,,3
196573419148,,,3
196572826718,,,1
196572826992,,,4
196572827524,,,2
196572827869,,,5
196572828026,,,2
196572828088,,,3
196571284311,,,1
196571284373,,,1
196571283956,,,1
196571284168,,,2
196571284403,,,1
196571284472,,,1
197063322658,,,1
197643457305,,,1
197643457503,,,2
197643457718,,,1
196571472312,,,1
196571472145,,,1
196571471780,,,1
196244937032,,,1
196244937247,,,1
196573554849,,,16
196573555044,,,1
196573555082,,,7
415182840137,,,1
53329991030,,,1
53329991054,,,1
32546268057,,,1
192825004292,,,2
192825003943,,,1
196571458842,,,1
196571458613,,,2
196571458484,,,3
196571458408,,,4
196571458255,,,2
196571458552,,,3
196571482670,,,1
196571482625,,,1
196571482533,,,2
196571680397,,,1
196571679971,,,1
196573517974,,,3
196573517776,,,2
196573518407,,,3
415182831760,,,1
415183300418,,,1
196572693068,,,1
196572694188,,,1
196571189524,,,1
196574876155,,,1
196574876339,,,1
196574876544,,,1
196574877039,,,1
196574877244,,,1
197063247852,,,2
197063247975,,,2
197063248019,,,1
197063248057,,,1
197063248095,,,2
197063248132,,,1
197063248170,,,1
197063248231,,,1
197063247722,,,1
197063248309,,,1
197063328599,,,2
197063328834,,,4
197063328872,,,3
197063329015,,,1
197063329053,,,2
197063329091,,,3
197063329244,,,3
197063329282,,,3
197063329428,,,2
197063329442,,,2
197063329466,,,2
196571201196,,,1
196571201424,,,1
196571201455,,,1
196571201653,,,1
196571202261,,,1
196571433931,,,1
196571434075,,,1
196571449543,,,4
196571449581,,,3
196571643224,,,1
197063444244,,,4
197063444428,,,3
197063444473,,,2
196571616518,,,1
415183301897,,,1
196573526136,,,9
196571643873,,,1
196573533097,,,1
196573533523,,,1
196573533554,,,2
196573899919,,,1
196573900172,,,1
196571451669,,,1
196571451676,,,2
196574919296,,,1
196574919227,,,3
196574919500,,,1
196574919463,,,2
196574919401,,,5
196574919258,,,4
196574919517,,,2
196574919739,,,2
196571673818,,,5
196571673887,,,1
196571674068,,,3
196571673825,,,3
196571673665,,,4
197065705978,,,1
196573746213,,,9
196573746619,,,1
196573746657,,,8
196573746664,,,2
196573547018,,,1
196573547100,,,2
197063249733,,,3
197063249917,,,4
197063250180,,,1
197063250272,,,4
197063250463,,,1
197063250647,,,2
197063250814,,,1
197063250869,,,2
196571206535,,,1
197063251774,,,1
197063251903,,,2
197063251934,,,4
197063251965,,,1
197063251996,,,4
197063252139,,,3
197063252184,,,4
197063252238,,,2
197063252283,,,2
197063252443,,,1
196573340640,,,3
196573340671,,,1
196571338779,,,2
196571338786,,,2
196571339004,,,2
196571339028,,,1
196571339035,,,1
196571339073,,,1
196571339097,,,1
196571339110,,,2
196571339134,,,2
196571339158,,,2
196571339172,,,2
196571339196,,,2
196571339219,,,2
196571339233,,,1
196573343313,,,2
197063252573,,,1
197063252825,,,2
197063253143,,,4
197063253228,,,2
197063253433,,,1
197063253549,,,2
197063253747,,,4
197063253938,,,1
196573343887,,,3
196573343962,,,1
196573344136,,,4
196573344198,,,1
196573344259,,,2
196575253672,,,1
196573344020,,,6
196573344051,,,11
196573344303,,,16
196573344365,,,6
196573344525,,,4
196573344587,,,1
196573344853,,,9
196573344921,,,2
196573345102,,,3
196573345218,,,4
196573345492,,,6
196573345584,,,9
196573345782,,,10
196573345881,,,7
196573346086,,,10
196573346178,,,3
196573346260,,,1
196573346451,,,1
197063768890,,,1
197063255697,,,1
196574857796,,,2
196574857802,,,1
196574857819,,,2
196574857826,,,2
196574857833,,,4
196574857840,,,4
196574857857,,,2
196574857864,,,1
196574857871,,,1
196575273472,,,1
196573344327,,,5
196573344501,,,8
196573344563,,,13
196573344822,,,13
196573344891,,,11
196573344976,,,11
196573345171,,,7
196573345287,,,13
196573345461,,,8
196573345553,,,9
196573345737,,,7
196573345850,,,11
196573346048,,,9
196573346130,,,4
196573346246,,,2
196573346444,,,1
196573346642,,,1
196575195996,,,1
196574733762,,,2
196573351127,,,2
196573351257,,,1
197065623821,,,1
197065623944,,,1
197065624187,,,2
197065626280,,,1
196573356795,,,3
196573356993,,,1
196573357136,,,1
196573357464,,,2
196573357716,,,2
196573359963,,,3
196573360198,,,4
196573360372,,,3
196573360587,,,4
196573360624,,,4
196573360006,,,2
196573360211,,,3
196573360266,,,5
196573360402,,,2
196573360433,,,2
196573360464,,,6
196573360495,,,1
196573360730,,,1
196570767495,,,1
196570767679,,,2
196573747043,,,2
196573747005,,,1
196573747067,,,1
197803399193,,,3
197803398974,,,1
197803399391,,,1
196575013443,,,1
196574952934,,,2
196574952910,,,2
196574952903,,,3
196574952798,,,3
196574952927,,,1
196574903745,,,2
196573522800,,,1
196573523050,,,1
196574941846,,,1
196572936509,,,1
196572935977,,,6
196572935946,,,5
196572935595,,,5
196572936240,,,4
196572938329,,,2
196572938268,,,1
196572938244,,,2
196572938299,,,2
196573432758,,,1
197063418948,,,3
197063419020,,,3
197063419075,,,2
197063419242,,,2
196575229660,,,3
196575229714,,,1
197063419310,,,4
197063419372,,,4
197063419563,,,6
197063419655,,,5
197063419839,,,4
197063419938,,,6
197063419990,,,7
197063420194,,,4
197063420286,,,3
197063420460,,,1
197063420545,,,1
197063420620,,,2
196572832375,,,10
196572832382,,,7
196572832603,,,2
196573434790,,,1
197063746454,,,1
197063746171,,,1
197063746362,,,1
197063263692,,,1
197063263821,,,1
197063264095,,,4
197063264378,,,1
197063264521,,,3
197063264651,,,3
197063264781,,,4
197063266778,,,1
197063266891,,,2
197063267065,,,2
197063267157,,,1
197063267331,,,2
197063267416,,,2
197643150404,,,1
197643150640,,,2
197643150862,,,1
197643150978,,,3
197643151180,,,1
197643151593,,,1
197063269830,,,2
197063269991,,,2
197063270058,,,1
197063270218,,,1
197063270270,,,2
197063270348,,,2
197063270416,,,3
197643150350,,,1
197643150473,,,2
197643150893,,,2
197643151104,,,1
198266388830,,,1
198266389011,,,1
198266389097,,,2
198266389271,,,3
198266389547,,,3
198266389745,,,3
198266389936,,,1
198266389981,,,1
197063272113,,,1
197063272304,,,3
197063272397,,,4
197063272588,,,4
197063272649,,,2
197063272694,,,3
197063272847,,,3
197063272892,,,4
197063273035,,,1
197063273073,,,2
197063273226,,,1
197063273264,,,2
197063273547,,,1
197063273592,,,1
197063273912,,,1
197063274292,,,1
197063274360,,,1
197063274537,,,1
197063273615,,,1
197063273677,,,2
197063273899,,,1
197063273950,,,2
197063274223,,,1
197063274278,,,1
197063274346,,,1
197063274513,,,1
197065528829,,,1
197065529116,,,4
197065529307,,,2
197065529390,,,2
197065529581,,,1
197063273820,,,4
197063273882,,,4
197063273943,,,4
197063273974,,,3
197063274049,,,4
197063274216,,,3
197063274285,,,3
197063274353,,,2
197063274520,,,2
197063274575,,,2
197063274704,,,2
196573370098,,,2
196573370159,,,2
196573370395,,,1
196573370548,,,2
190287471263,,,1
192828764636,,,31
680975861587,,,8
192828764681,,,41
196573553071,,,2
196573553125,,,2
196573553149,,,1
196573491274,,,1
197063329893,,,2
196575170405,,,1
196575170580,,,1
196575170740,,,1
196575170825,,,1
196575171075,,,1
196575171136,,,1
197063329923,,,3
197063329961,,,3
197063330141,,,2
197063330172,,,2
197063330387,,,2
197063330752,,,1
415183291655,,,1
196575170573,,,1
658100040022,,,2
658100040039,,,1
415183385668,,,1
415183395353,,,1
197063275534,,,1
197063276265,,,1
197063278412,,,3
197063279310,,,3
197063279440,,,2
197065635152,,,1
197065635244,,,1
197065635381,,,1
197065635473,,,1
197065635633,,,1
197065635718,,,1
196575169799,,,2
196575171648,,,7
196575171655,,,7
196575171808,,,2
196575171822,,,2
197065534899,,,1
197065535056,,,1
197065535315,,,3
197065535698,,,2
197065535889,,,1
197065534295,,,1
197065534868,,,1
197065535032,,,1
197065535360,,,4
197065535650,,,1
197065535834,,,3
197065536015,,,2
196575171686,,,3
196575171709,,,1
196575171730,,,4
196575171754,,,7
196575171778,,,4
196575171792,,,9
196575171815,,,9
196575171839,,,11
196575171853,,,11
196575171877,,,7
196575171891,,,2
197063285045,,,1
197063289418,,,1
197063289449,,,1
197063288688,,,1
197063288947,,,1
197063289746,,,1
197065535803,,,1
197065536008,,,1
197065536756,,,1
197065536848,,,1
197065537180,,,1
197065537425,,,1
197065537562,,,1
197063290315,,,1
197063290582,,,1
196575345322,,,1
197063334521,,,1
197063334705,,,1
197063334798,,,2
197063334989,,,2
197063335085,,,1
197063335177,,,2
197063335351,,,1
197063335436,,,1
197643235194,,,1
197643235637,,,1
197643235903,,,2
197643236146,,,2
197643236436,,,2
197643236955,,,2
197643237198,,,2
197643237235,,,1
197643237297,,,1
196575345704,,,2
196575345926,,,2
196575346145,,,2
196575346350,,,4
196575346442,,,2
196575346664,,,4
196575346862,,,4
196575347067,,,3
196575347289,,,3
196575347463,,,1
196575347654,,,1
196575348194,,,1
196575348385,,,1
196575348675,,,1
196575349047,,,1
196575349238,,,1
196575345803,,,2
196575346015,,,1
196575346299,,,3
196575346701,,,4
196575346787,,,1
196575346978,,,2
196575347166,,,1
197063336457,,,1
197063336556,,,1
197063336631,,,1
197063336990,,,3
197063337102,,,2
197063337348,,,1
197063337447,,,1
197063337591,,,1
197063337751,,,1
197063337898,,,1
197065639389,,,1
197065639464,,,1
197065639563,,,1
197065639686,,,1
197065640064,,,2
197065640170,,,1
197065640385,,,2
197065640491,,,1
197643238393,,,1
197643238966,,,2
197643239246,,,1
197643239413,,,2
197643239482,,,1
197643239901,,,1
197063295099,,,1
197065724603,,,1
197065724955,,,1
197065725167,,,1
197065725785,,,1
197063296188,,,2
197063295341,,,2
197063295709,,,2
197063295778,,,2
197063295938,,,4
197063296218,,,2
197063296294,,,3
197063296485,,,3
197063296638,,,2
197063296683,,,2
197063295372,,,2
197063295747,,,1
197063295976,,,3
197063296232,,,1
197063296478,,,3
197063296621,,,1
197063296676,,,3
197063744665,,,1
197063745075,,,1
197063745303,,,1
197063745761,,,2
197063745976,,,1
197643153542,,,2
197643154303,,,2
197643154426,,,1
197063299028,,,1
197063299332,,,2
197063299479,,,2
197063299837,,,1
198266387970,,,1
198266388472,,,2
198266388670,,,2
198266389035,,,1
197065641870,,,1
197065641887,,,1
197065641894,,,2
198266392295,,,1
198266392714,,,1
198266392936,,,1
198266392974,,,2
198266393216,,,2
198266393261,,,3
198266393513,,,2
198266393568,,,2
198266393810,,,2
198266392400,,,1
198266392738,,,1
198266392929,,,1
198266392981,,,2
198266393247,,,2
198266393292,,,3
198266393544,,,2
198266393803,,,2
198266393841,,,2
197063302407,,,2
197063302421,,,2
197063302445,,,1
197063302469,,,3
197065545987,,,1
197065547189,,,1
197065642044,,,5
197065642075,,,5
197065641962,,,2
197804425709,,,1
197804425761,,,2
197804425921,,,2
197804425983,,,2
197804426140,,,3
197804426331,,,3
197804426508,,,3
197804426744,,,2
197065556419,,,1
197063307792,,,1
197063307945,,,1
197063307983,,,1
197063308485,,,2
197063308577,,,1
197063308867,,,1
197065645786,,,1
197065645977,,,2
197065557256,,,1
197063309048,,,3
197063309154,,,4
197063309260,,,2
197063309369,,,2
197063309468,,,4
197063309567,,,3
197063309758,,,1
197063309857,,,2
197063309970,,,1
197063310068,,,1
197063310242,,,2
197063310815,,,1
197063310884,,,3
197063310952,,,2
197063311119,,,2
197063311195,,,2
197063311492,,,1
197063311577,,,1
197063311690,,,2
197063311799,,,2
197063342359,,,2
197063342816,,,3
197063342878,,,1
197063343059,,,2
198266394862,,,1
198266395036,,,1
198266395098,,,1
198266395401,,,1
198266395494,,,1
198266395685,,,2
198266395869,,,2
198266396057,,,3
198266396224,,,2
198266396415,,,2
198266396491,,,2
198266395715,,,1
198266395906,,,1
198266396101,,,1
198266396194,,,1
198266396392,,,1
198266396569,,,2
198266396767,,,2
198266396934,,,3
198266397016,,,2
198266397085,,,2
197063311614,,,1
197063312116,,,1
197063312352,,,1
197063312437,,,1
197063312482,,,2
197065650025,,,1
197065650063,,,1
197065650469,,,1
197065651510,,,1
197065651558,,,1
197065651596,,,2
197065651749,,,2
197065651794,,,1
197065652005,,,1
197065652050,,,1
197063345923,,,2
197063345978,,,2
197063346128,,,1
197063346166,,,2
197063346326,,,1
197063346524,,,1
197063346562,,,1
197063346234,,,2
197063346449,,,1
197063346463,,,1
197063346784,,,1
197065801328,,,1
197065801342,,,3
197065801373,,,3
197065801410,,,2
197065801441,,,3
197065801472,,,1
197065737641,,,1
197065737863,,,1
197065566876,,,1
197065567507,,,1
197065567934,,,2
197065568108,,,2
197065568177,,,2
197065568351,,,3
197065568429,,,1
197065568481,,,3
197065568948,,,1
197804432950,,,2
197804433216,,,3
197804433452,,,4
197804433636,,,2
197065569310,,,1
197065569389,,,1
197065569556,,,1
197065569617,,,2
197065569693,,,1
197065570255,,,1
197065569860,,,1
197065569938,,,1
197065570019,,,1
197065570217,,,1
197065570293,,,1
197065570385,,,1
197065570583,,,2
197065570873,,,2
197065571191,,,1
197065571542,,,2
197065571818,,,3
197065572419,,,1
197065572822,,,1
197643166221,,,1
197643166337,,,1
197643166535,,,1
197643166641,,,2
197643166955,,,2
197643167174,,,1
197065571467,,,1
197065571719,,,1
197065571788,,,1
197065571948,,,1
197065572136,,,1
197065572525,,,1
197065572976,,,1
197643249177,,,1
197643249849,,,1
197643250777,,,2
197643250838,,,1
197065668150,,,1
197065668228,,,1
197065666644,,,1
197065666804,,,1
197065666873,,,1
197643252337,,,1
197643252450,,,1
197643252603,,,1
197643251958,,,1
197643252368,,,1
197643252481,,,1
197065749101,,,1
197065749156,,,2
197065749330,,,1
197065749514,,,2
197065749668,,,1
197065749859,,,2
197065750022,,,1
197065750213,,,1
197065750299,,,1
198266397702,,,2
198266397757,,,3
198266397931,,,3
198266398112,,,3
198266398198,,,3
198266398556,,,1
198266398723,,,1
198266398938,,,1
198266399157,,,1
198266399331,,,1
198266399409,,,1
198266397641,,,2
198266397849,,,3
198266398013,,,3
198266398211,,,3
198266398297,,,3
198266398679,,,1
198266398846,,,1
198266398891,,,1
198266399072,,,1
198266399256,,,1
198266399508,,,1
198266397696,,,3
198266397870,,,3
198266398075,,,3
198266398259,,,3
198266398440,,,3
198266398693,,,1
198266398877,,,1
198266399034,,,1
198266399201,,,1
198266399263,,,1
198266399515,,,1
197065587567,,,2
197065587703,,,3
197065587734,,,1
197065587758,,,2
197065587802,,,1
197065588526,,,1
197065674205,,,1
197065674694,,,1
197065674793,,,1
197065675134,,,1
197065675240,,,1
197065214371,,,1
197065214678,,,3
197065214715,,,3
197065214753,,,1
197065214791,,,1
197065214937,,,1
197065214975,,,1
197065214692,,,1
197065214739,,,2
197065215002,,,1
197065215040,,,1
197065214555,,,1
197065591090,,,1
197065591182,,,1
197065591236,,,1
197065591557,,,1
197065591663,,,1
198266400136,,,3
198266400303,,,3
198266400389,,,3
198266400556,,,3
198266400723,,,3
198266400969,,,1
198266401133,,,1
198266401300,,,1
198266401348,,,1
198266401386,,,1
198266401607,,,1
198266400228,,,3
198266400280,,,3
198266400440,,,3
198266400624,,,3
198266400815,,,3
198266401072,,,1
198266401249,,,1
198266401416,,,1
198266401478,,,1
198266401577,,,1
198266401720,,,1
197065591519,,,1
197065591786,,,1
197065591991,,,1
197065677497,,,1
197065677640,,,1
197065678272,,,1
197065753740,,,1
197065753801,,,1
197065753856,,,2
197065754013,,,3
197065754099,,,1
197065754259,,,2
197065754426,,,1
197065754600,,,1
197065753665,,,1
197065753900,,,1
197065753962,,,2
197065754112,,,3
197065754143,,,1
197065754327,,,2
197065754389,,,1
197065754549,,,1
197065593599,,,1
197065593766,,,2
197065594121,,,1
197065594206,,,1
197065595050,,,1
197065596385,,,1
197065684228,,,1
197065684433,,,1
197065684556,,,2
197065684730,,,3
197065684860,,,1
197065685270,,,1
197065685355,,,1
197065756789,,,1
197065757052,,,1
197065757113,,,1
197065757175,,,2
197065757335,,,3
197065757502,,,1
197065757571,,,2
197065757731,,,1
197065214722,,,1
197065214760,,,1
197065215200,,,1
197065215231,,,2
197065215101,,,2
197065215118,,,1
197065214982,,,1
197065215019,,,1
197065215057,,,1
197065758646,,,1
197065758691,,,2
197804523832,,,1
197804523863,,,4
197804524068,,,2
197804524228,,,1
197804524389,,,1
197643311812,,,1
197643311881,,,1
197643312543,,,1
197643313502,,,1
197643312048,,,2
197643312215,,,1
197643312406,,,1
197643312604,,,3
197643312833,,,1
197643313014,,,1
197643313229,,,1
197065689070,,,1
197065689452,,,1
197065689537,,,1
197065689704,,,1
197065689841,,,1
197643311935,,,1
197643312017,,,2
197643312413,,,2
197643312611,,,1
197643313021,,,1
197642046739,,,2
197643311850,,,1
197643312147,,,1
197643312192,,,1
197643312376,,,1
197643312741,,,1
197643312932,,,1
197065689889,,,1
197065690120,,,1
197065690397,,,2
197065690571,,,2
197065690656,,,1
197065690823,,,1
197065690885,,,2
197065690946,,,1
197065690984,,,1
197065691141,,,2
197065691233,,,1
197065691295,,,1
197065690724,,,2
197065691004,,,2
197065691035,,,3
197065691318,,,2
197065691356,,,2
197065690847,,,1
197065690892,,,1
197065690939,,,2
197065690960,,,3
197065690991,,,1
197065691127,,,2
197065691202,,,1
197804612000,,,1
197804612253,,,2
197804612420,,,1
197804612505,,,3
197804612574,,,3
197804612741,,,1
197804612918,,,2
197804612956,,,1
197065605698,,,1
197065605797,,,1
197065605865,,,2
197065759216,,,2
197065759261,,,2
197065759414,,,2
197065759469,,,2
197065759629,,,2
197065759674,,,2
197065759834,,,2
197065759902,,,2
197065759957,,,2
197065760144,,,1
197065605919,,,2
197065606503,,,1
197065606534,,,2
197065606701,,,1
197065606916,,,1
197065607289,,,2
197643178675,,,1
197643178941,,,1
197643179108,,,1
197643179184,,,2
197643179542,,,1
197643178798,,,1
197643178842,,,2
197643179023,,,1
197643179085,,,1
197643179450,,,1
197643179627,,,2
197643179801,,,1
197804438020,,,1
197804438075,,,2
197804438211,,,1
197804438280,,,3
197804438525,,,3
197804438594,,,1
197804438815,,,1
197804438853,,,1
197065606954,,,1
197065607135,,,1
197065607234,,,1
197065607319,,,1
197065607418,,,4
197065607500,,,2
197065607616,,,1
197643266839,,,1
197643266952,,,1
197643267119,,,2
197643267355,,,1
197643267461,,,2
197643267744,,,1
197643267935,,,2
197643268031,,,1
197643268222,,,2
197643268291,,,1
197643268536,,,1
197804440702,,,1
197804440771,,,2
197804440856,,,1
197804441044,,,3
197804441129,,,2
197804441198,,,1
197804441365,,,2
197804441525,,,2
197804441624,,,1
197804441679,,,2
197804441976,,,2
197804442041,,,1
198266403618,,,2
198266403687,,,3
198266403854,,,3
198266404042,,,4
198266404219,,,5
198266404271,,,5
198266404349,,,4
198266404509,,,4
198266404554,,,3
198266404714,,,1
198266403649,,,1
198266403823,,,1
198266404028,,,1
198266404202,,,2
198266404264,,,2
198266404325,,,1
198266404387,,,2
198266404547,,,2
198266404707,,,2
198266404769,,,2
198266404837,,,1
197804441686,,,2
197804441952,,,2
197804442010,,,3
197804442089,,,2
197804442263,,,2
197804442430,,,3
197804442614,,,1
197804442690,,,1
198266404639,,,1
198266404653,,,1
198266404660,,,1
198266404677,,,2
198266404691,,,2
198266405032,,,1
198266405063,,,2
198266405087,,,2
198266405223,,,2
198266405285,,,2
198266405452,,,1
197065608842,,,2
197065608866,,,1
197065609009,,,2
197065609030,,,1
197065609061,,,4
197065692087,,,1
197065692223,,,1
197643313304,,,1
197643313397,,,1
197643313755,,,1
197643314530,,,1
197065610807,,,1
197643182153,,,1
197643183709,,,1
197804445233,,,1
197804445448,,,2
197804445523,,,1
197804445707,,,2
197804445967,,,2
197804445530,,,2
197804445905,,,2
197804445981,,,4
197804446247,,,3
197804446322,,,1
197804446544,,,2
197804524952,,,2
197804525133,,,4
197804525355,,,2
197804525430,,,1
198266332246,,,1
198266332277,,,2
198266332307,,,2
198266332345,,,5
198266332383,,,3
198266332444,,,3
198266332499,,,1
198266332673,,,1
198266332314,,,1
198266332352,,,2
198266332390,,,2
198266332437,,,4
198266332482,,,3
198266332642,,,3
198266332734,,,1
198266332789,,,1
197065612306,,,1
197065612443,,,2
197065612603,,,1
198266407722,,,1
198266407753,,,2
198266407784,,,2
198266408019,,,4
198266408040,,,3
198266408071,,,3
198266408095,,,1
198266408224,,,1
198266408330,,,1
198266408385,,,2
198266408415,,,2
198266408453,,,3
198266408491,,,2
198266408651,,,2
198266408729,,,1
198266408781,,,1
700053843400,,,17
700053843417,,,27
700053843479,,,47
700053843486,,,21
700053843493,,,37
700053843509,,,16
700053843523,,,1
700053843530,,,3
700053843547,,,1
700053843554,,,3
700053843561,,,4
700053843578,,,1
700053843585,,,2
700053843592,,,3
700053843677,,,2
700053843684,,,1
415183268749,,,1
700053803992,,,10
700053804005,,,19
700053804012,,,36
700053804029,,,26
700053804036,,,20
700053804043,,,6
700053804050,,,11
700053804067,,,6
700053804074,,,13
700053804128,,,11
700053804135,,,2
700053804142,,,8
700053804159,,,3
700053804258,,,1
700053804265,,,4
700053804272,,,1
700053804289,,,1
700053804302,,,2
700053804319,,,6
700053804401,,,3
700053804418,,,3
700053804425,,,4
700053804432,,,2
700053804562,,,4
700053804579,,,4
700053804586,,,7
700053804593,,,4
700053804647,,,5
700053804654,,,7
700053804661,,,7
700053804678,,,6
700053804722,,,3
700053804739,,,2
700053804746,,,1
700053803725,,,84
700053803732,,,121
700053803749,,,40
700053803756,,,33
700053803763,,,34
700053803770,,,32
700053803787,,,29
700053803794,,,35
700053803848,,,38
700053803855,,,227
700053803862,,,24
700053803879,,,30
700053803923,,,15
700053803930,,,13
700053803947,,,168
700053803954,,,12
700053803961,,,4
700053803978,,,1
700053803985,,,1
197643271741,,,1
197643271932,,,1
197643272212,,,1
197804528677,,,1
197804528899,,,2
197804528943,,,1
197804529384,,,2
197804529650,,,2
195438337108,,,5
195438337498,,,7
195438336903,,,7
195438336576,,,8
195438338020,,,11
195438338310,,,10
195438338594,,,13
197804529285,,,1
197804529728,,,2
197804529902,,,3
197804530144,,,3
197804530304,,,1
197643188315,,,1
197643189503,,,1
197643189565,,,1
197643189787,,,2
197643189947,,,1
197643190103,,,1
197643190387,,,1
197643189558,,,1
197643189718,,,1
197643189770,,,1
197643189930,,,1
197643189992,,,1
197643190141,,,2
197643190318,,,1
197643190530,,,1
197643188797,,,1
197643188988,,,2
197643189169,,,2
197643189343,,,2
197643189411,,,2
197643189619,,,2
197643189671,,,2
197643189848,,,2
197643189893,,,2
197643190042,,,2
197643190219,,,2
197643190271,,,2
197643190431,,,2
197643190608,,,2
197643190660,,,2
197643190820,,,1
197643190875,,,1
197643278344,,,1
700053629356,,,2
700053629363,,,3
700053629370,,,2
700053629417,,,2
700053630000,,,4
700053630031,,,3
700053654464,,,4
700053654471,,,7
700053654488,,,8
700053654495,,,9
700053654501,,,3
700053654532,,,3
700053654549,,,3
700053654556,,,5
700053654563,,,3
700053654570,,,2
700053654587,,,2
32546870915,,,1
32546870922,,,19
32546870939,,,7
32546870946,,,1
32546870953,,,1
32546871004,,,2
32546871011,,,3
32546871035,,,2
32546871059,,,8
32546871066,,,15
32546871073,,,2
32546871080,,,1
700053368767,,,1
700053630109,,,3
700053630116,,,12
700053630130,,,1
700053630147,,,1
700053630758,,,1
700053630772,,,1
700053630789,,,1
700053630888,,,2
197643198857,,,1
197643199113,,,2
197643199328,,,2
197643199380,,,2
197643199687,,,2
197643199847,,,2
197643200178,,,1
197643200314,,,2
197643200635,,,1
197643200802,,,1
197643201052,,,1
198266469317,,,3
198266469508,,,2
198266469713,,,3
198266469812,,,5
198266470054,,,5
198266470269,,,4
198266470474,,,5
198266470696,,,5
198266470894,,,5
198266471204,,,5
198266471464,,,5
198266471570,,,5
198266471761,,,5
198266471976,,,4
198266472195,,,1
198266472386,,,1
198266472560,,,1
197643279150,,,4
197643279419,,,3
197643279488,,,3
197643279631,,,5
197643279815,,,5
197643279884,,,5
197643280033,,,4
197643280071,,,4
197643280118,,,5
197643280156,,,5
197643280194,,,5
197643280330,,,5
197643280361,,,5
197643280507,,,2
197643280538,,,2
197643280576,,,1
197643280613,,,1
198266470665,,,1
198266470887,,,2
198266471099,,,3
198266471419,,,3
198266471563,,,2
198266471785,,,2
198266471983,,,1
198266472300,,,2
197804451333,,,1
197643284468,,,1
197643284727,,,2
197643284796,,,2
197643285243,,,1
197643285687,,,1
197643202363,,,1
197643202394,,,1
197643203315,,,1
197643204060,,,2
197643204299,,,2
197643204718,,,1
197643204770,,,3
197643205036,,,1
197643205074,,,3
197643205210,,,3
197643205234,,,2
197643205265,,,3
197643205296,,,1
197643205562,,,1
197643205708,,,3
197643205746,,,1
197643205920,,,1
197643287049,,,1
197643287308,,,1
197643287520,,,1
197804453467,,,2
197804453603,,,2
197804453665,,,3
197804453771,,,3
197804453924,,,2
197804454051,,,2
198266412245,,,2
198266412412,,,3
198266412474,,,2
198266412634,,,4
198266412696,,,4
198266412757,,,3
198266412795,,,3
198266413051,,,3
198266413204,,,1
198266413266,,,2
198266413501,,,2
198266413570,,,1
198266413747,,,1
198266413334,,,1
198266413396,,,1
198266413457,,,2
198266413648,,,2
198266413822,,,2
198266413891,,,1
198266413969,,,1
198266415116,,,1
198266415178,,,1
198266415314,,,3
198266415376,,,3
198266415437,,,3
198266415482,,,2
198266415055,,,2
198266415086,,,2
198266415246,,,1
198266341231,,,1
198266341286,,,1
198266341439,,,1
197643213581,,,1
197643213840,,,2
197643214229,,,1
197643214434,,,1
197643214526,,,2
197804541447,,,1
197804541539,,,1
197804541720,,,2
197804541911,,,1
197804542208,,,3
197804542291,,,1
197804542376,,,1
197804542550,,,1
197803504436,,,1
197803504603,,,1
197803504696,,,1
197803504870,,,1
197803505075,,,1
197803505648,,,1
197803507543,,,1
197803507741,,,1
197803507758,,,1
197643220855,,,1
197643220923,,,2
197643220978,,,1
197643221272,,,1
197643221630,,,1
197642537459,,,3
197642537640,,,2
197642537930,,,2
197642538104,,,2
197642538197,,,1
197642538364,,,3
197642538531,,,3
197642538586,,,4
197642538852,,,6
197642539033,,,5
197642539095,,,4
197642539255,,,6
197642539514,,,6
197642539576,,,1
197643296096,,,1
197643296232,,,1
197643296423,,,1
197643296485,,,2
197643296720,,,2
197643296782,,,1
197643297192,,,2
197643298670,,,1
197643300502,,,1
197643300557,,,1
197643300595,,,1
197643300748,,,1
197643300939,,,1
197643300281,,,1
197643300533,,,1
197643300588,,,1
197643300731,,,1
197643300922,,,1
197643300977,,,2
197643301431,,,1
197643300106,,,1
197643300151,,,1
197643300342,,,1
197643300403,,,2
197643301097,,,2
197643338857,,,1
197643338864,,,1
197643338871,,,1
197643338888,,,2
197643338895,,,1
197643339014,,,1
197804463473,,,2
197804463527,,,1
197804463572,,,1
197804463657,,,2
198266432496,,,2
198266432779,,,1
197804556557,,,1
197804556748,,,1
197804556984,,,1
197804557059,,,1
197804557363,,,1
197804484270,,,4
197804484515,,,1
197804484577,,,2
197804484737,,,1
197804560394,,,1
197804560578,,,4
197804560813,,,4
197804560882,,,2
197804561223,,,1
197804488605,,,1
197804488674,,,1
197804488865,,,2
197804489039,,,2
197804489237,,,2
197804489312,,,4
197804489619,,,1
197804489800,,,2
198266438146,,,1
198266438450,,,2
197804563876,,,1
197804564125,,,2
197804564163,,,2
197804564316,,,2
197804564361,,,2
197804564453,,,1
197804564620,,,1
197804564736,,,1
197804498888,,,1
197804499069,,,1
197804499373,,,2
197804499519,,,1
198266441108,,,2
198266441177,,,2
198266441337,,,1
198266441412,,,1
198266441528,,,2
198266441580,,,2
198266441733,,,2
197804567294,,,2
197804567508,,,1
197804566471,,,1
700053288829,,,2
700053288942,,,1
700053288966,,,1
700053288980,,,10
700053288997,,,21
700054013215,,,1
700053287945,,,2
700053287952,,,1
700053287969,,,2
700053287976,,,2
700053288508,,,2
700053288515,,,2
700053288522,,,5
700053288539,,,6
700053288546,,,5
700053288553,,,19
700053288560,,,28
700053288577,,,10
700053288584,,,6
700053288591,,,10
700053288607,,,4
700053288614,,,7
700053289017,,,2
700053289024,,,8
700053289284,,,1
700053289321,,,1
700054013239,,,2
700053288638,,,6
700053288645,,,4
700053288652,,,4
700053288669,,,4
700053288720,,,4
700053288737,,,4
700053288744,,,13
700053288751,,,12
700053288768,,,12
700053288775,,,7
700053288782,,,3
700053288799,,,4
700053288805,,,6
700053288812,,,5
658100946645,,,1
658100946652,,,1
658100946669,,,1
658100946676,,,2
658100946683,,,1
658100946690,,,1
658100946706,,,2
658100946713,,,1
658100946720,,,2
658100946737,,,1
197804568703,,,2
197804568772,,,3
197804568925,,,2
197804568970,,,2
197804569236,,,3
197804569403,,,1
197804569496,,,1
198266510705,,,1
198266510811,,,1
198266511030,,,2
198266511252,,,4
198266511382,,,4
198266511580,,,3
198266511696,,,3
198266511962,,,1
198266512167,,,1
198266457932,,,2
198266457963,,,3
198266457994,,,6
198266458120,,,6
198266458151,,,4
198266458199,,,5
198266458236,,,3
198266458281,,,3
198266458434,,,4
198266458496,,,6
198266458540,,,5
198266458595,,,5
198266458649,,,4
198266458809,,,3
198266458878,,,3
198266458014,,,1
198266458045,,,1
198266458069,,,2
198266458076,,,5
198266458083,,,5
198266458090,,,3
198266458304,,,4
198266458311,,,2
198266458335,,,2
198266458359,,,3
198266458373,,,5
198266458397,,,4
198266458717,,,4
198266458748,,,3
198266458786,,,2
198266459011,,,2
197804931088,,,2
197804931255,,,1
197804931545,,,1
700053842939,,,1
700053843172,,,9
700053843219,,,2
700053843325,,,2
700054073769,,,1
700053338197,,,4
700053338203,,,4
700053333765,,,1
658100317742,,,1
700053333956,,,2
700053333963,,,1
700053334038,,,2
700053334045,,,2
700053334069,,,5
700053334076,,,2
700053334083,,,5
700053334090,,,3
700053334106,,,19
700053334113,,,1
700053334120,,,7
700053334137,,,1
700053335011,,,1
700053335295,,,1
658100058690,,,6
658100058706,,,3
658100058713,,,8
658100058720,,,6
658100058737,,,6
658100058744,,,7
658100058751,,,5
658100058768,,,1
658100058782,,,5
658100058812,,,5
658100058829,,,2
658100058843,,,2
658100058867,,,2
196574915236,,,4
197063465782,,,2
197063465843,,,4
197063465676,,,10
197063465959,,,5
196574907422,,,1
197065706005,,,3
197643553823,,,7
197643553878,,,5
196574907620,,,2
196574907644,,,2
196574907491,,,15
196574907729,,,4
196574907682,,,16
196574907828,,,5
196574907699,,,1
197063476221,,,4
197063476429,,,4
197063476603,,,3
197063476689,,,1
197063451921,,,2
197063397298,,,1
197063397212,,,1
197063396987,,,1
197063396970,,,1
197065707255,,,2
197065707019,,,3
197065706852,,,1
197063397977,,,3
197063397670,,,2
197063398547,,,1
197063398578,,,1
197063410867,,,1
197063445548,,,1
197063453727,,,2
197063454298,,,1
197063446200,,,2
197063446460,,,2
197063446637,,,2
197063403371,,,1
197063403340,,,2
197065709594,,,2
197065709624,,,2
197065709655,,,2
197065709808,,,1
197065709877,,,1
197063476474,,,2
197063476658,,,2
197063476825,,,3
197063476870,,,2
197063403456,,,3
197063403425,,,1
197063460794,,,1
197063460657,,,1
197063412250,,,1
197063412427,,,1
197063412601,,,2
197063412687,,,1
197063412748,,,3
197063412922,,,3
197063498292,,,1
197063498476,,,1
197063498629,,,1
197063498667,,,1
197063450405,,,1
197063450696,,,1
197063463627,,,1
196571459511,,,1
881862185360,,,1
700054508872,,,6
732075992750,,,11
732075992767,,,24
732075992774,,,14
732075992781,,,7
732075993016,,,5
700054508940,,,3
732075993092,,,8
732075993108,,,15
732075993115,,,13
732075993122,,,17
732075993139,,,3
197063462507,,,1
197063462064,,,2
197063462019,,,2
197063461869,,,2
197063462255,,,2
197063494928,,,5
197063495109,,,2
197063495178,,,3
197063495314,,,2
197063499640,,,6
197063499671,,,6
197063408420,,,1
197065711559,,,1
197065711511,,,1
197065711719,,,1
197063462323,,,1
197063462156,,,2
197063462460,,,1
197065796808,,,1
197065711597,,,43
197063464150,,,87
197063464303,,,24
197063464211,,,149
197643554646,,,10
197643554097,,,5
197063464242,,,25
197804384815,,,2
197063500278,,,22
197065712334,,,1
196575813746,,,1
190284775951,,,1
884805966217,,,1
196575813791,,,1
197065481353,,,1
197065481513,,,1
197065452490,,,1
197065452346,,,2
197063478768,,,23
197804384877,,,4
197065453374,,,1
197065913977,,,1
197804384976,,,1
197804384938,,,1
197804384914,,,1
197065820282,,,1
197065820589,,,1
197065820398,,,3
197065820466,,,3
197065820404,,,2
197065503345,,,1
197643458289,,,1
197643458678,,,1
197065811983,,,1
197065811976,,,3
197065811969,,,2
197065811990,,,2
197065812485,,,1
197065274009,,,2
197065273675,,,5
197065273644,,,5
197065274030,,,3
197065274092,,,3
197804324309,,,3
197804324118,,,5
197804323937,,,5
197804324392,,,3
197804324767,,,2
197065486747,,,1
197065488239,,,1
197065461232,,,2
197065461201,,,1
197065461157,,,3
197065461102,,,3
197065797102,,,1
197065797133,,,2
197065797164,,,2
197065797195,,,2
197065797225,,,1
197804385263,,,10
197065490409,,,9
197065490447,,,5
197064863402,,,1
197065839369,,,1
197065839840,,,1
197065840099,,,2
197065840389,,,3
197065840624,,,2
197065841027,,,1
197065839895,,,4
197065840150,,,2
197065840570,,,1
197065839260,,,1
197065839734,,,1
197065839956,,,2
197065840402,,,1
415185787507,,,1
415185453433,,,1
197065464196,,,1
197065464141,,,3
197065464424,,,1
197065464295,,,1
197065464240,,,1
197065464462,,,3
197065465933,,,3
197065466114,,,1
197804324316,,,3
197804324125,,,5
197804323951,,,5
197804324538,,,2
197804324934,,,1
197065829124,,,2
197065828844,,,1
197065468835,,,16
197804385409,,,10
197065469481,,,1
197065469733,,,1
197641024455,,,1
887867295738,,,1
887867295813,,,2
197065471163,,,1
732075473174,,,2
415185453501,,,1
197065472672,,,1
197065472498,,,2
197643461340,,,2
700054433686,,,2
732075979003,,,3
732075979010,,,6
732075979027,,,5
732075979034,,,3
700053026643,,,6
700053026711,,,10
700053026766,,,10
700053026681,,,5
757969172599,,,1
197642101919,,,1
197643537007,,,1
197643536857,,,1
197643536789,,,2
197643537045,,,1
415185430786,,,1
415185805638,,,1
415185430953,,,1
197641235912,,,2
197643536468,,,10
197643536765,,,3
197643536710,,,3
197643542063,,,17
197643404972,,,1
197643404897,,,1
197643404835,,,1
415185431011,,,2
887867114633,,,1
415167043607,,,1
197643537809,,,1
197643537526,,,2
197643537281,,,1
197643407102,,,1
415185431431,,,1
197643408178,,,2
197643408147,,,2
197643408246,,,1
197643410478,,,1
197643410676,,,2
197643410652,,,4
197643410621,,,2
197643410737,,,1
197643411017,,,1
197643411178,,,1
197643411109,,,1
197643410904,,,2
197643411246,,,3
197643411444,,,1
197643413813,,,1
197643414094,,,1
415185957085,,,1
197643361183,,,2
197643360933,,,1
197643361015,,,1
197643360803,,,1
197804386970,,,10
197643467236,,,1
415185399724,,,1
415185399847,,,1
197643363217,,,1
197643362944,,,1
197643362937,,,1
415185400116,,,1
197643363293,,,1
197643362999,,,1
197643363934,,,1
197643364351,,,1
415185400475,,,1
197643363859,,,1
415185400468,,,1
415185837745,,,1
197643364962,,,1
197643364849,,,1
197643364696,,,1
415185400680,,,1
415185837769,,,1
415185471864,,,1
197643366232,,,1
197643366157,,,1
197643365778,,,1
197643366539,,,1
197643366638,,,1
197643366836,,,1
197643368267,,,1
197643368229,,,1
197643368212,,,1
197643368915,,,1
197643368779,,,1
197643368687,,,1
197643368663,,,1
197643368656,,,1
197643368632,,,1
197643369172,,,1
197643369615,,,1
415185401618,,,1
197803400943,,,1
197803400547,,,2
197803400431,,,1
197643371366,,,2
197643371304,,,2
197803401186,,,1
197803401131,,,1
197803401117,,,1
197643538738,,,1
197643538363,,,1
197643538912,,,1
197643539186,,,1
197643539100,,,1
197643539544,,,1
415185402929,,,1
197643540007,,,2
197643540021,,,1
197643540182,,,1
415185403049,,,1
415185402998,,,1
415185403001,,,1
415185403087,,,1
415185403438,,,1
415185403629,,,1
197643540649,,,4
197643540700,,,2
197643540571,,,5
197643420637,,,2
689914345782,,,4
732075817107,,,5
689914345805,,,2
191475780792,,,1
887682745968,,,3
415185433725,,,1
700053512849,,,2
700053393776,,,1
887040868070,,,1
888655034119,,,1
197803404989,,,2
197803404897,,,3
197803404811,,,3
197803405177,,,1
197803405276,,,1
197804660568,,,2
197804660520,,,6
197804660469,,,8
197804660834,,,3
197803405092,,,5
197803405047,,,4
197803405399,,,2
197804660728,,,2
197804660643,,,2
197804660384,,,3
197804660926,,,2
197804661169,,,1
197804660582,,,2
197804660513,,,2
197804660841,,,2
197804660551,,,2
197804660506,,,3
197804660452,,,3
197804660803,,,2
197804661015,,,1
197803405528,,,2
197803405511,,,3
197803405504,,,2
197803405535,,,2
197803405559,,,1
197804294800,,,1
197804294527,,,2
197804294343,,,2
197804294879,,,1
197804294626,,,4
197804294282,,,2
197804294947,,,2
197804295227,,,1
197804295456,,,2
197804295401,,,3
197804295081,,,3
197804295609,,,2
197804295999,,,1
197803406204,,,2
197803405993,,,3
197803405870,,,3
197803406310,,,2
197803406570,,,1
197804665167,,,1
197804665150,,,1
197804665143,,,1
197804665174,,,1
197803406082,,,2
197803406044,,,2
197803406006,,,3
197803406419,,,2
197803406471,,,1
197804295845,,,2
197804295722,,,4
197804295517,,,3
197804296040,,,2
197804296293,,,1
415185787736,,,1
197803420255,,,2
197803420057,,,4
197803420477,,,1
197803420750,,,1
415185787712,,,1
197803420545,,,3
197803420378,,,3
197803420187,,,1
197803420590,,,2
197803420842,,,1
197804296019,,,2
197804295807,,,3
197804295586,,,2
197804296200,,,2
415185787859,,,1
197804296101,,,2
197804295913,,,3
197804295623,,,2
197804296194,,,1
197803421122,,,1
197803420958,,,2
197803420941,,,1
415185787835,,,1
415185837882,,,1
415185472984,,,1
415185787996,,,1
415185787873,,,1
415185787903,,,1
415185808738,,,1
197804350834,,,1
197804350476,,,1
197804351046,,,1
197804351411,,,1
197804383900,,,1
197804383764,,,2
197804383573,,,2
197804383948,,,1
415185809025,,,1
415185809094,,,1
415185809100,,,1
415185809209,,,1
197804353439,,,1
197804353231,,,1
197804353613,,,1
415185809278,,,1
415185809421,,,1
197804372102,,,1
197804371921,,,2
197804371716,,,3
197804372188,,,1
197804372386,,,1
197804354429,,,1
197804354245,,,2
197804354641,,,1
197804354559,,,2
197804354375,,,2
197804354313,,,1
197804354818,,,2
197804354689,,,1
197804354481,,,2
197804354771,,,1
415185809315,,,1
415185983053,,,1
415185987174,,,1
415185809537,,,1
197804355860,,,2
197804355662,,,3
197804355570,,,3
197804356041,,,2
197804356270,,,1
415185809629,,,1
415185962874,,,1
415185962966,,,1
415185983169,,,1
415185809759,,,1
700053475199,,,1
197804356652,,,2
197804356621,,,3
197804356485,,,3
197804356690,,,2
197804357208,,,1
197804667062,,,2
197804666850,,,2
197804666683,,,3
197804667161,,,2
197804357086,,,2
197804357048,,,1
197804356683,,,3
197804357246,,,2
197804357451,,,1
415185982988,,,1
415185983039,,,1
415185983084,,,1
415185809902,,,1
197804357888,,,2
197804357826,,,4
197804357758,,,4
197804358045,,,2
197804358281,,,1
198266650135,,,2
198266650128,,,3
198266649894,,,3
198266650173,,,1
415185809964,,,1
197804358106,,,1
197804357932,,,2
197804357581,,,1
197804358137,,,2
197804357949,,,2
197804357598,,,1
197804358311,,,2
415185836090,,,1
197804383818,,,2
197804383689,,,3
197804383603,,,3
197804383856,,,2
197804384020,,,1
415185810106,,,1
415185810120,,,1
197804371860,,,1
197804371815,,,3
197804371457,,,2
197804359370,,,2
197804359318,,,3
197804359042,,,4
197804359530,,,3
197804359516,,,2
197804359356,,,5
197804359073,,,4
197804359554,,,1
197804359790,,,1
197804359585,,,1
197804359523,,,3
197804359332,,,3
197804359752,,,2
197804360031,,,1
197804359998,,,1
197804360062,,,1
415185810366,,,1
197804360215,,,1
197804359882,,,2
197804359868,,,3
197804360239,,,1
415185810298,,,1
415185810427,,,1
415185810311,,,1
197804360444,,,2
197804360260,,,1
197804360994,,,2
197804360765,,,1
197804360703,,,3
197804360611,,,1
197804360925,,,1
415185810625,,,1
415185810724,,,1
415185942296,,,1
197804372508,,,1
415185810694,,,1
197804372997,,,1
197804372911,,,1
415185832665,,,1
197804362929,,,1
197804362660,,,2
197804362622,,,1
197804362813,,,1
197804362745,,,3
197804362561,,,1
197804362882,,,2
197804363087,,,1
197804372768,,,1
197804617364,,,2
197804617319,,,5
197804617081,,,2
415185811004,,,1
197804582365,,,1
197804582587,,,2
197804582655,,,2
197804582754,,,2
197804583010,,,2
197804583294,,,1
415185811103,,,1
197804611638,,,2
197804611454,,,3
197804611409,,,1
197804610976,,,1
415185957788,,,1
415185957801,,,1
197804393671,,,1
197804393541,,,2
197804393473,,,1
197804393299,,,1
415185811233,,,1
197804363766,,,2
197804363605,,,3
197804363575,,,2
415185839657,,,1
197804364145,,,2
197804363834,,,3
197804363735,,,3
197804363643,,,2
415185811431,,,1
197805851897,,,2
197805851811,,,3
197805851774,,,2
197805851743,,,1
197804383351,,,19
197804582174,,,2
197804581955,,,2
197804582266,,,2
197804582389,,,1
197804393183,,,1
197804392971,,,2
197804392797,,,1
415185811608,,,1
415185811592,,,1
415185811684,,,1
415185811707,,,1
415185957610,,,1
415185811721,,,1
415185811738,,,1
415185811844,,,1
415185811790,,,1
415185953759,,,1
415185811806,,,1
415185811899,,,1
415185811837,,,1
415185811912,,,1
415185811950,,,1
415185811967,,,1
415185812049,,,1
415185812001,,,1
415185812063,,,1
415185812056,,,1
415185812032,,,1
415185812087,,,1
415185962850,,,1
415185812377,,,1
415185812513,,,1
415185812490,,,1
197804368662,,,1
197804368464,,,1
415185812520,,,1
197804368822,,,2
197804368686,,,3
197804368648,,,2
197804368495,,,1
415185812568,,,1
197804368884,,,1
197804368860,,,1
197804583034,,,2
197804582853,,,3
197804583232,,,1
197804583492,,,1
197804374083,,,2
197804374854,,,8
197804374908,,,18
197804375097,,,19
197804375202,,,20
197804375271,,,10
197804375295,,,10
197804375332,,,3
197804375424,,,10
197804394456,,,1
197804394432,,,1
197804394418,,,1
197804395415,,,6
197804395408,,,1
197804583607,,,1
415185812612,,,1
415185840707,,,1
887682562930,,,1
700054939553,,,6
700054939621,,,19
706420788770,,,1
197804584949,,,3
197804584901,,,2
197804585236,,,2
197804585298,,,1
190284779164,,,9
190284779331,,,13
190284779447,,,5
190284779553,,,4
190284779027,,,1
889589552069,,,3
889589552243,,,5
889589552427,,,12
889589552557,,,14
889589552670,,,9
889589551895,,,3
415185812766,,,1
415185943446,,,1
415185943408,,,1
415185943460,,,1
415185943477,,,1
415185957580,,,1
415185983183,,,1
197804296934,,,1
197804296767,,,1
197804296729,,,1
197804297245,,,1
197804297269,,,1
197804296996,,,2
197804296910,,,2
197804297429,,,2
197804297498,,,1
197804324521,,,1
197804324323,,,3
197804324101,,,5
197804324989,,,1
198267090565,,,1
198267090442,,,4
198267090213,,,6
198267090756,,,3
198267090817,,,2
198267091074,,,1
198267090992,,,2
198267090923,,,3
198267091265,,,2
198267091579,,,1
197804324262,,,3
197804324057,,,9
197804323876,,,6
197804324439,,,4
197804324828,,,2
197804324927,,,1
197804324545,,,2
197804324996,,,1
197804324569,,,8
197804324361,,,12
197804324163,,,11
197804324781,,,6
197804325672,,,5
197804325474,,,10
197804325290,,,10
197804325863,,,5
197804325375,,,2
197804325177,,,4
197804325139,,,3
197804325566,,,1
197804325979,,,1
197804325283,,,2
197804325214,,,4
197804325054,,,3
197804325481,,,2
197804325856,,,1
197804297566,,,2
197804297351,,,3
197804297160,,,3
197804297030,,,2
197804297511,,,1
197804297917,,,1
197804297696,,,2
197804297665,,,2
197804297641,,,1
415185788085,,,1
197804325740,,,2
197804325368,,,3
197804325184,,,3
197804325146,,,2
197804325542,,,1
197804325405,,,1
197804325221,,,3
197804325061,,,1
197804325498,,,1
197804325870,,,1
197804325436,,,3
197804325252,,,3
197804325092,,,2
197804325627,,,1
197804326006,,,1
197804325450,,,2
197804325269,,,3
197804325085,,,2
197804325634,,,1
197804325894,,,1
415185801234,,,1
415185801456,,,1
415185788054,,,1
415185788245,,,1
415185788351,,,1
415185801357,,,1
415185801388,,,1
197804667567,,,1
197804667130,,,2
197804667017,,,2
197804666812,,,1
415185983190,,,1
415185788429,,,1
415185788412,,,1
197804298846,,,1
197804298631,,,2
197804298464,,,2
197804298297,,,1
197804298570,,,2
197804298518,,,2
197804298334,,,1
415185788542,,,1
197804326365,,,2
197804326310,,,3
197804326259,,,3
197804326624,,,2
197804326938,,,1
197804326648,,,2
197804326372,,,3
197804326303,,,3
197804326907,,,2
197804327201,,,1
197804326594,,,2
197804326495,,,3
197804326174,,,3
197804326815,,,2
197804327157,,,1
415185788511,,,1
415185801562,,,1
415185801586,,,1
415185801616,,,1
415185801692,,,1
197804299195,,,2
197804299126,,,3
197804298990,,,2
197804298969,,,1
197804299232,,,2
197804299058,,,3
197804299010,,,2
197804298891,,,1
197804327751,,,2
197804327676,,,3
197804327478,,,2
415185801760,,,1
197804328222,,,2
197804328055,,,4
197804327867,,,3
197804328291,,,1
197804328383,,,1
197804328277,,,1
197804328215,,,3
197804328024,,,3
197804328338,,,1
197804790968,,,1
197804790937,,,1
197804790906,,,3
197804790999,,,2
197804791255,,,1
198266595955,,,1
198266595771,,,2
198266595726,,,3
198266596075,,,2
198266596440,,,1
198266596365,,,3
198266596051,,,7
198266595948,,,9
198266595740,,,8
198266596297,,,2
198266596471,,,2
827399226206,,,1
889589474057,,,1
887867106157,,,1
881862410899,,,1
191475939596,,,2
884805335112,,,1
198266603773,,,2
198266603728,,,4
198266603537,,,4
198266603827,,,1
887040246588,,,1
198266623191,,,1
198266623146,,,2
198266622972,,,3
198266623450,,,1
198266621227,,,2
198266621081,,,4
198266621036,,,6
198266621258,,,3
198266621296,,,1
706420456006,,,3
706420456013,,,7
706420456020,,,1
706420456037,,,2
885928376761,,,4
885928376754,,,2
887867239305,,,3
887867312305,,,1
885928510707,,,1
648335317624,,,1
887040937707,,,1
889589491931,,,1
196574920780,,,10
190284785394,,,1
617932730778,,,1
732075486600,,,1
887867413583,,,1
980283665 #,,,1
706421149778,,,1
706421149808,,,2
881862598726,,,1
881862600207,,,1
887867218089,,,1
888366194416,,,2
888366194362,,,2
827399540944,,,1
198266749266,,,3
198266749235,,,6
198266749211,,,10
198266749273,,,6
198266749327,,,2
198267091654,,,1
198267091470,,,6
198267091906,,,1
198267093641,,,3
198267093559,,,9
198267093368,,,11
198267093832,,,5
198267093818,,,2
198267093597,,,4
198267093399,,,6
198267093917,,,2
198267094143,,,1
888655562964,,,36
888655562940,,,34
192827956834,,,2
192827957053,,,2
827399377489,,,2
827399377342,,,1
888366280928,,,1
888366280935,,,1
888366281611,,,2
888366294208,,,1
888366294253,,,1
888366294222,,,1
888366294239,,,1
700051618949,,,1
732075294199,,,1
196013231385,,,2
196013230982,,,2
196013231095,,,2
196013240806,,,2
196013240127,,,2
196013240295,,,1
196013241117,,,1
196013236397,,,2
196013235628,,,3
196013236557,,,2
196013236076,,,1
196013227227,,,2
196013227272,,,6
196013225032,,,1
196013225216,,,2
706421252294,,,1
190287472703,,,389
888366462706,,,437
191164170743,,,95
889585815601,,,2
889585815564,,,5
888366924563,,,1
196011237969,,,1
196011238034,,,2
196011238065,,,1
196011238133,,,2
196011238171,,,1
196011238263,,,1
196011238348,,,1
827399856229,,,1
617932526548,,,1
884805359422,,,1
884805359309,,,1
884805370830,,,1
884805370878,,,1
884805443138,,,1
827399038663,,,1
827399037321,,,1
827399646967,,,2
827399384388,,,1
617932356824,,,1
881862616666,,,1
190285007440,,,2
617932379663,,,2
617932379618,,,1
190286051985,,,1
190286050827,,,1
881862629659,,,1
881862631775,,,5
881862631768,,,5
881862631751,,,2
887867046231,,,1
415153183799,,,1
196574921022,,,1
191164025364,,,1
192363283210,,,2
190284582771,,,21
190284582818,,,23
190284582870,,,46
190284583013,,,48
190284028286,,,1
197065803254,,,1
197065765248,,,1
197065765262,,,1
197065702120,,,1
197065702175,,,2
197065702328,,,3
197065702380,,,1
197065702533,,,2
197065702731,,,1
197065767365,,,1
197065767563,,,2
197065767709,,,2
197065767747,,,1
197065767761,,,1
197065767785,,,1
197065698706,,,2
197065698799,,,1
197065699185,,,1
197065621384,,,1
197065621568,,,2
197065622251,,,1
197065622275,,,1
197065622282,,,2
197065622725,,,1
192825790904,,,1
193394080281,,,2
193394080380,,,2
193394081943,,,1
194112348188,,,1
194114228761,,,1
415183342753,,,1
194901128366,,,45
197804680603,,,5
190289727429,,,1
190287732401,,,1
190287732326,,,1
190287732425,,,1
5400516445589,,,1
196014103223,,,2
191163133916,,,1
191163133893,,,54
191163308819,,,1
194113838343,,,1
194113838381,,,1
190287322688,,,1
192827022188,,,2
192827020412,,,1
192827020276,,,2
192827020375,,,1
192827020399,,,1
195438354921,,,2
195438355881,,,3
194902615278,,,1
192360550735,,,1
192364165041,,,16
192364165492,,,20
192364165133,,,33
192364165812,,,22
192828908153,,,18
192828908207,,,16
192828908412,,,35
192828908511,,,28
191166756020,,,1
191166754781,,,1
196571467172,,,8
415167045618,,,1
194901802471,,,4
191478480347,,,1
190286907695,,,1
190286910312,,,1
191164241887,,,1
192360565241,,,1
192824188993,,,1
190849037418,,,1
191163362378,,,1
191163362972,,,3
191163363276,,,9
191163363573,,,4
191163363856,,,3
191163364099,,,6
191163364280,,,6
193393076902,,,1
194112331418,,,1
190288999186,,,1
191163545245,,,1
191163545306,,,1
191163545368,,,1
191163545429,,,1
191163545481,,,1
191163545542,,,3
191163545856,,,1
191163545917,,,1
192363285948,,,1
192824173340,,,2
192824171971,,,4
192825142864,,,2
192825143168,,,1
192824183134,,,2
192825726620,,,1
195439336766,,,1
195439338074,,,1
195439334892,,,1
195439334717,,,1
195439346475,,,1
190849058840,,,5
190849059618,,,1
190849059939,,,7
190849061536,,,1
190849059137,,,1
190849061055,,,1
191165049468,,,1
191165049789,,,2
191164680563,,,1
191164680709,,,2
191164680785,,,2
192363667119,,,1
192827000087,,,1
192364164624,,,1
194902652969,,,2
191164660374,,,2
191164661333,,,1
191164656988,,,1
191164657480,,,2
191164657978,,,2
191164658937,,,1
191164659415,,,2
192827050419,,,1
190285912126,,,1
190289845468,,,17
190289845536,,,16
190289845611,,,6
190289845246,,,2
190289845383,,,3
191931305477,,,1
190849396997,,,2
192362643220,,,2
192362643329,,,3
191165767782,,,2
191165768277,,,1
192825870187,,,1
190849396218,,,4
190849397819,,,4
190849398212,,,2
190849398618,,,1
191165313132,,,1
191932831043,,,1
5400552128095,,,2
196574921268,,,7
415182832378,,,1
197065954604,,,2
191477616198,,,2
191477616433,,,1
191477618451,,,2
191477618598,,,1
192360747227,,,1
191478079060,,,1
191930253557,,,1
192362297201,,,1
192363244563,,,1
191928796578,,,2
191928797377,,,5
191928798091,,,9
191928798770,,,3
191928799456,,,5
191929700093,,,5
191929700598,,,5
197063601043,,,1
197063601722,,,1
197063601807,,,1
197063601838,,,1
197063601883,,,1
196009311398,,,1
196009311459,,,1
196009311534,,,4
196009311619,,,2
190849925746,,,1
190849926194,,,3
194116348849,,,1
194116349006,,,1
191931863243,,,1
191931863366,,,1
191479868373,,,8
191479868366,,,16
191479868427,,,17
191479868403,,,16
196575176100,,,1
196575176124,,,2
196575176148,,,1
192828904445,,,37
192828904612,,,44
192828904834,,,45
192828903783,,,9
192828903981,,,2
192828904186,,,9
196013292027,,,4
196013290870,,,1
192825076022,,,1
192362239553,,,4
192362240047,,,6
192362240450,,,6
192362240818,,,5
192362241136,,,1
197065830076,,,1
197065829810,,,2
415185788665,,,1
192362239201,,,5
192362239478,,,6
192362239973,,,7
192362240382,,,5
192362240757,,,1
196573558137,,,1
192826007865,,,1
415167045731,,,1
192825073199,,,2
196573904279,,,1
196573904415,,,1
196573904736,,,1
192825072802,,,1
197063509578,,,2
193391102566,,,1
194902600823,,,1
194902655809,,,1
195439359611,,,9
195439359710,,,4
195439359826,,,21
195439360044,,,20
195439360242,,,7
195439360341,,,12
194116399162,,,1
196011283423,,,1
192827096387,,,1
192827096462,,,1
194905660985,,,1
195438383747,,,1
195438383846,,,3
195438384003,,,1
195438384164,,,1
192828044561,,,1
192828044707,,,10
192828044868,,,15
192828045025,,,3
193393141754,,,1
196244938251,,,1
196244938466,,,2
193392129098,,,2
193392129357,,,2
193392129593,,,1
193392129982,,,10
193392130032,,,8
193392130070,,,7
196244938183,,,1
193391220413,,,1
193391220765,,,10
193391221137,,,3
193390793000,,,1
415167067931,,,1
415167068068,,,1
415182832439,,,1
194115216699,,,11
415167068006,,,1
415167068051,,,1
196571157516,,,1
196571157981,,,2
196571158346,,,1
193393081272,,,1
196011260752,,,1
196011259985,,,1
196011260301,,,2
194905625083,,,2
193391178073,,,4
193391178172,,,3
193391178271,,,4
193391178356,,,4
193391178370,,,1
193391178431,,,1
193391178493,,,4
193391178523,,,1
193391178202,,,5
193391179063,,,1
193392163719,,,2
193392163818,,,3
193392163917,,,4
193392164051,,,4
193392164242,,,3
194113497854,,,1
194113497199,,,3
194113497434,,,3
194113497618,,,5
194113497977,,,1
415169004026,,,1
193391179933,,,1
193392138564,,,1
193391219592,,,1
196573905047,,,1
196573905078,,,1
847223029858,,,1
847223029704,,,1
847223029926,,,1
847223030014,,,1
196573904910,,,1
196571461927,,,1
192824951504,,,1
193395091996,,,1
196571159312,,,1
196571161278,,,2
196571161605,,,2
193394025329,,,1
196244690821,,,1
196244691019,,,2
196244691101,,,2
196244691309,,,2
196244691392,,,1
196244691675,,,1
194116244967,,,1
194116244981,,,10
193394012268,,,1
193393090830,,,1
193393090557,,,1
193393090755,,,1
196575185126,,,2
196575185201,,,1
196575185287,,,1
193394060375,,,1
679894785067,,,4
679894785227,,,3
679894786095,,,3
679894786408,,,9
679894786699,,,1
679894787023,,,2
193394061754,,,3
193394061785,,,1
193394062072,,,1
193394062232,,,2
193394062331,,,1
193394062539,,,1
193394062638,,,2
193394062898,,,1
193391353548,,,2
193391353586,,,1
196244767080,,,3
196244767417,,,3
196244767424,,,3
196244767448,,,4
196244767479,,,2
196244767608,,,2
196244767646,,,1
196244768483,,,1
196244768735,,,1
196010275832,,,1
196010276471,,,1
196010274736,,,1
196010275009,,,2
196571299315,,,2
415167068259,,,1
415167068402,,,1
415167068297,,,1
415167068501,,,1
415167068464,,,1
415182832583,,,1
847223025034,,,4
847223025232,,,3
847223025430,,,1
194115272428,,,1
194903620172,,,2
194903620271,,,2
196571680021,,,2
196571679629,,,1
195437897689,,,2
194116733942,,,2
194116733966,,,1
194116734000,,,2
194116734024,,,1
680975742121,,,3
680975742145,,,1
415185788634,,,1
193390777468,,,1
192826712059,,,5
192826712073,,,6
192826712097,,,10
192826712110,,,1
192826712752,,,1
192826712813,,,2
192826712912,,,2
193390772548,,,2
196015219961,,,10
196015220134,,,18
195438323347,,,3
192827706972,,,1
192827706996,,,3
192827707016,,,2
192827707054,,,1
192827707078,,,2
192827707092,,,1
192827707115,,,2
192827707139,,,1
192827707191,,,1
194903608569,,,1
196013219536,,,2
194902665075,,,1
194902665563,,,1
194902666089,,,1
196571300639,,,1
196571300677,,,1
196571301155,,,1
196571301186,,,1
196571301605,,,2
195440363942,,,2
195440363980,,,1
195440364000,,,2
196571300974,,,2
194901277682,,,3
194116280231,,,1
194905591753,,,1
195437367816,,,1
195437367953,,,7
195437368097,,,3
195437368257,,,12
195437368417,,,14
197063781608,,,1
197063782056,,,1
197063782131,,,1
194113594621,,,25
194113594799,,,42
194113594898,,,39
194113595062,,,52
194902662111,,,1
194902662890,,,1
194902662937,,,1
194902662975,,,1
194902660506,,,1
192828701556,,,1
192828701693,,,1
192828701716,,,1
196571304842,,,2
196571304866,,,2
194902667123,,,1
194902667284,,,1
196244785619,,,6
196244785664,,,3
196244785817,,,2
196571471599,,,1
195438322869,,,1
195438323187,,,1
195438323323,,,4
195438323422,,,5
194905635921,,,1
194905635785,,,1
194905635808,,,3
194904084652,,,4
194904084737,,,4
194905700988,,,3
194904653452,,,1
194902605279,,,1
194901626763,,,1
194901627043,,,1
196012235407,,,1
196244786135,,,2
196244786401,,,4
196244786463,,,4
196244786531,,,1
196012292936,,,3
196012299614,,,4
196012299713,,,1
196012299812,,,1
196012299911,,,2
196012297146,,,1
196012297221,,,1
196012297283,,,2
196244786616,,,3
196244786678,,,3
196244786845,,,3
196244786890,,,2
194904661501,,,1
415168250608,,,1
194905492487,,,1
195439302457,,,1
195438391957,,,2
195438392015,,,1
196013204280,,,2
196013204303,,,2
196013204327,,,1
196013204389,,,2
196013206161,,,3
196013206246,,,3
196013206291,,,2
196013206376,,,2
196013206468,,,2
196013206567,,,2
196013206666,,,1
196013206765,,,2
196013206864,,,1
196013206963,,,1
196013207069,,,2
196013202415,,,2
196013202491,,,1
196013202590,,,1
196013202699,,,2
196013203085,,,4
196013203184,,,2
196013203283,,,4
196013203382,,,4
196013203474,,,1
196013203887,,,1
196013202361,,,1
196013202439,,,4
196013202538,,,2
195439303065,,,5
195439303102,,,5
195439303225,,,5
195439303317,,,9
195439303386,,,7
195439303539,,,3
415182832736,,,2
196571462436,,,10
415182832750,,,20
194905537164,,,1
415181005995,,,1
195436451158,,,10
196012206087,,,1
196012206452,,,5
196012206636,,,2
194905586544,,,5
194905586643,,,3
194905586841,,,2
194905586742,,,4
194905586933,,,1
194905587084,,,1
194905587251,,,3
194905587343,,,2
194905587428,,,1
194905587718,,,2
194905587770,,,1
194905587817,,,1
194905587855,,,1
194905587886,,,3
194905587909,,,1
194905587923,,,5
194905588500,,,1
194905588708,,,1
194905588791,,,2
194905589293,,,1
194905589491,,,1
194905589651,,,1
194905589767,,,1
194905588753,,,1
194905589026,,,1
194905586421,,,1
194905586704,,,2
195441327486,,,223
195441352945,,,49
195437423352,,,1
195437455964,,,3
195437456220,,,1
195437456688,,,3
195437457005,,,2
195436475086,,,1
195436475215,,,1
195436475352,,,3
195436475505,,,1
196570166755,,,1
195436471002,,,1
195436471323,,,2
195436471347,,,1
196014215995,,,3
196014216275,,,8
196014216534,,,1
196014216602,,,6
196014216671,,,5
196014216282,,,2
196014216558,,,5
196014216626,,,4
196014216701,,,4
196014216763,,,2
196014216831,,,1
197065842239,,,6
194901611936,,,1
194901611974,,,3
194901612018,,,37
194901612070,,,11
194901612193,,,1
194901612346,,,3
196571241215,,,4
196571241277,,,2
194901613138,,,3
194901613312,,,1
194901613442,,,13
194901613602,,,34
194901613763,,,12
196571308031,,,5
196571308062,,,1
196571308086,,,2
196012204793,,,3
197063430094,,,2
197063430315,,,1
197063430322,,,1
196571308482,,,1
194905693808,,,2
194905693860,,,2
194905693914,,,1
194905694003,,,3
194905694065,,,2
194905693709,,,3
194905693907,,,3
194905693778,,,4
194905693945,,,5
194905693983,,,3
195438895431,,,1
196570518059,,,2
196570517861,,,1
196570517786,,,2
196570518134,,,2
197064882953,,,2
197064882748,,,1
197064882618,,,1
197064883042,,,1
195438868596,,,3
195438868671,,,4
195438868756,,,6
195438868909,,,2
195438869012,,,1
197064884308,,,1
197064884148,,,2
197064884384,,,1
196571162886,,,1
196571162244,,,3
196571162893,,,1
196571165214,,,3
196571165559,,,1
196571165658,,,2
196571165948,,,1
196571166273,,,1
196571166365,,,1
196571166532,,,3
196571166761,,,2
196009303454,,,1
196009303553,,,2
196009303768,,,1
196009304154,,,1
196011212416,,,2
196011211631,,,1
196011211808,,,2
195438377159,,,1
195438377234,,,3
195438377326,,,2
195438377425,,,1
195438377616,,,3
195438377715,,,1
195438377807,,,2
195438377883,,,1
195439365308,,,2
195438549150,,,1
195438549464,,,1
196244793461,,,1
196244793638,,,2
196244793690,,,3
196244793775,,,2
195439367296,,,1
196244794420,,,1
195438549808,,,3
195438549525,,,1
195438549723,,,1
195438549617,,,1
195441387497,,,3
196244799982,,,1
196244800220,,,1
196244800268,,,6
196244800299,,,4
196244800435,,,2
196244935465,,,1
196244935489,,,2
196244935700,,,2
196244935731,,,1
196244935755,,,2
196244935779,,,2
196244935793,,,2
196244936011,,,1
196244936035,,,1
196244936059,,,2
196244936073,,,2
196244936097,,,2
196244936318,,,1
196244936332,,,1
196571167676,,,1
196571168031,,,3
196571168215,,,2
196571168475,,,2
196571168666,,,1
196571167775,,,1
196571169182,,,1
196571169748,,,3
196571169755,,,2
196571169533,,,2
196571169557,,,1
196571170492,,,2
196571170584,,,3
196571169939,,,3
196571169977,,,1
196571171093,,,1
196571171413,,,3
196571171499,,,3
196571249808,,,1
196571170713,,,2
196571170768,,,2
196571170843,,,2
196571170898,,,1
193390927313,,,3
193390927412,,,2
193390927511,,,3
196011245216,,,2
196011245254,,,4
196013228309,,,8
196013228446,,,11
196013228514,,,10
196013228729,,,5
196013228804,,,7
196244804204,,,2
196244804280,,,1
196244804365,,,3
196244804440,,,5
196244804525,,,3
196244804082,,,1
196244804716,,,2
196244804747,,,1
196244804778,,,2
196244806314,,,2
196244806529,,,1
196244808844,,,2
196244808967,,,1
196244809308,,,2
196244810069,,,1
196244811615,,,4
196244811684,,,3
196244811424,,,3
196244811448,,,5
196244811462,,,5
196244811486,,,2
196244813060,,,1
196244813237,,,4
196244813305,,,2
196244813039,,,5
196244813206,,,1
196244813244,,,6
195441391500,,,1
195441396871,,,1
195441396994,,,2
195441397120,,,2
195441399445,,,2
196571464751,,,3
415182833962,,,1
196015236517,,,1
196015236906,,,1
196015237156,,,1
196015237286,,,1
196015237538,,,1
196015236777,,,1
196015236968,,,1
196015237200,,,1
196015237361,,,2
196244910066,,,1
196244910073,,,1
196244910080,,,1
196244910097,,,3
196244812933,,,1
196244812971,,,1
196244813114,,,4
196244813152,,,3
196244813459,,,1
195438397683,,,14
195438397881,,,7
192827946644,,,17
192827946828,,,12
192827947016,,,4
192827946033,,,6
192827946408,,,2
196010278512,,,5
196010278598,,,2
196010278673,,,9
196010278789,,,11
196010279090,,,10
196010279298,,,18
196010279397,,,34
196010279496,,,14
196010279595,,,17
196010279779,,,31
196010279892,,,22
196010279809,,,8
196010279991,,,19
196010280195,,,2
196010276884,,,5
196010276778,,,3
196010277072,,,1
196010276983,,,4
196010277577,,,1
196010277676,,,5
196010277973,,,3
196010278079,,,2
196010278277,,,3
196011203933,,,1
196011204244,,,2
196011204336,,,1
196011202684,,,2
196011202868,,,5
196011202967,,,1
196012266357,,,3
196012266494,,,1
196012266999,,,8
196012265213,,,2
196012265312,,,2
196012265817,,,1
196012265916,,,1
196012241019,,,1
196012241026,,,2
196012243525,,,3
196012243624,,,1
196012243723,,,3
196012243822,,,4
196012244485,,,1
196012245062,,,1
196012247448,,,1
196012247646,,,3
196012248322,,,1
196012239818,,,1
196012239894,,,2
196012239771,,,3
196012244386,,,1
196013217105,,,3
196013217259,,,1
196013217419,,,1
196244816115,,,1
195440393536,,,1
196244816979,,,2
196244817112,,,1
196244817150,,,5
196244817198,,,4
196244818508,,,1
196244818720,,,1
196244818980,,,1
196244819819,,,1
196244822161,,,1
196573472198,,,5
196573472457,,,6
196573472648,,,7
196573473126,,,2
195438556738,,,2
195438556783,,,3
195438556851,,,2
195440333747,,,1
196244824752,,,2
196244824998,,,5
196244825056,,,2
195438556721,,,6
195438556769,,,4
195438556837,,,16
195438556929,,,6
195438557278,,,2
195438558862,,,3
195438559036,,,6
195438559180,,,9
195438559326,,,10
195438559449,,,1
195438559579,,,1
196571252518,,,2
196571252570,,,2
196571252815,,,2
196571252853,,,1
196571253409,,,1
196571253430,,,1
196571253478,,,1
196571253850,,,1
196571254116,,,1
196571254147,,,1
196571254307,,,1
196571325977,,,1
196571325984,,,2
196571325991,,,4
196571326301,,,3
196571326318,,,3
196571326325,,,5
196571326332,,,4
196571326349,,,1
196571326356,,,1
196571326363,,,2
196571326370,,,2
196571326387,,,2
196571326394,,,1
196571326608,,,2
196571326615,,,1
196571326639,,,2
196571326684,,,2
196012253012,,,2
196012253173,,,4
196012253302,,,5
196012253487,,,8
196012253999,,,7
196012253838,,,3
196012254194,,,5
196012254392,,,4
196012254545,,,3
196012255290,,,1
196013254360,,,3
196013254469,,,3
196013254551,,,5
196013254629,,,6
196013254704,,,4
196013254766,,,4
196013254858,,,6
196013254940,,,6
196013255046,,,3
196244832580,,,1
196244832771,,,2
196244832870,,,1
196244832115,,,3
196244832306,,,1
196244832511,,,4
196244832603,,,4
196570661878,,,1
196573476172,,,2
196573476264,,,4
196573476455,,,2
196573476646,,,4
196573476837,,,6
196573476912,,,3
196573476998,,,1
193390927894,,,2
196012273959,,,2
196012273980,,,2
196012274284,,,1
196244753007,,,1
196244753090,,,1
196244753243,,,2
196244753274,,,1
196244753335,,,1
196244753359,,,1
196244753373,,,1
196571257810,,,1
196571257339,,,1
196571257360,,,2
196571257889,,,2
196571258039,,,1
196244834416,,,3
196244834454,,,1
196244834638,,,2
196574922777,,,8
196014196522,,,1
415175009879,,,1
196014150821,,,19
196014150814,,,10
415177705052,,,1
196014245770,,,1
196571465574,,,1
196571465710,,,6
196571465741,,,2
196571465819,,,1
196014196263,,,1
196014196294,,,1
196014196409,,,4
196014196430,,,1
195438655363,,,1
195438628398,,,2
195438628435,,,7
195438628473,,,7
195438628138,,,3
196244836908,,,2
196244836977,,,1
196244837141,,,2
196244837769,,,1
196571259982,,,2
196244837912,,,3
196244837936,,,2
196244837950,,,3
196244837974,,,4
196244837998,,,1
196244838513,,,1
196571326592,,,4
196571326905,,,2
196571326912,,,2
196571326929,,,1
196571327049,,,3
196571263163,,,2
196571263309,,,1
196571263392,,,1
196571263521,,,1
196571264375,,,1
196571264641,,,1
196571264719,,,3
196571265211,,,1
196571265280,,,2
196244757869,,,3
196244757944,,,5
196244758026,,,4
196244758217,,,1
196244758385,,,4
196244759238,,,3
196573483088,,,1
196573483156,,,1
196573483378,,,1
196573483545,,,2
196573483712,,,1
196570773625,,,3
196571264696,,,1
196571264771,,,1
196571265358,,,1
196571265716,,,2
196011231578,,,1
196011230663,,,1
196011231479,,,1
196244840707,,,3
196244840738,,,2
196244840769,,,4
196244840790,,,4
196244840929,,,1
196244840981,,,1
196244841308,,,2
196244841322,,,2
196244841353,,,2
196244841407,,,3
196244841506,,,4
196244841674,,,4
196244841841,,,6
196244841933,,,7
196244842121,,,3
196244842206,,,3
196244842282,,,3
196012292882,,,2
196012293421,,,1
196012290123,,,2
196012290512,,,2
196012290710,,,1
196244842008,,,2
196244842350,,,2
196244842442,,,2
196244842657,,,1
196244842848,,,1
196244843548,,,2
196244844538,,,1
196013243944,,,2
196013244149,,,1
196013244323,,,5
196013244507,,,3
196013244736,,,1
196013244842,,,1
196011214267,,,3
196011214434,,,2
196244844712,,,2
196244844736,,,2
196244844750,,,2
196244844767,,,5
196244844781,,,2
196244845207,,,3
196244845221,,,1
196011245551,,,2
196011245612,,,2
196011245636,,,1
196011245650,,,1
196014114779,,,2
196014114700,,,1
196014114915,,,2
196244911148,,,1
196244911056,,,1
196571475535,,,1
196571475191,,,1
196244911698,,,2
196571674709,,,1
415181084259,,,1
196244941138,,,1
196574922975,,,1
415182833993,,,1
196244871336,,,6
415182834105,,,1
196244915573,,,4
196244915535,,,3
196244915504,,,1
196244915603,,,2
196571466762,,,1
196571466663,,,1
196012279098,,,1
196012279159,,,2
196012279197,,,2
196012279333,,,2
196012279388,,,1
196012279470,,,1
196012279524,,,1
196012280421,,,10
196012280513,,,16
196012280698,,,6
196571266454,,,1
196571266492,,,3
196571266539,,,2
196571266744,,,1
196571266904,,,1
196571266980,,,1
196013210045,,,2
196013210113,,,3
196013210199,,,5
196013210274,,,5
196013210526,,,3
196013210724,,,2
196012286249,,,1
196012282715,,,2
196012282975,,,2
196012283101,,,1
196012284351,,,1
196012284597,,,1
196012284818,,,1
196012285037,,,1
196573488533,,,1
196573488717,,,1
196573488755,,,6
196573488786,,,3
196573488816,,,8
196573488847,,,5
196573488878,,,3
196573488892,,,2
196573488724,,,2
196573488793,,,2
196573488823,,,3
196573488854,,,1
196573488885,,,2
196573488908,,,3
196573488922,,,1
195438894892,,,2
195438894915,,,3
195438894939,,,2
195438894960,,,3
195438894984,,,1
197063410249,,,1
197063410270,,,2
197063410416,,,1
197063410447,,,2
197063410485,,,3
196014144844,,,7
196244270047,,,1
196244270238,,,1
196244422842,,,4
196244423849,,,4
196244423672,,,10
196244423634,,,6
196244424037,,,5
196244424228,,,3
196244263100,,,2
196244262929,,,2
196244262851,,,2
196244275226,,,1
196244275677,,,1
196244275776,,,1
196244275684,,,3
196244275479,,,3
196244275950,,,3
196244276629,,,1
196015429988,,,3
196015429964,,,2
196015429858,,,3
196015429889,,,1
196015429865,,,3
196015429926,,,1
196015429940,,,1
196244423771,,,1
196244423719,,,1
196244424167,,,1
196244424358,,,1
196570218782,,,3
196570218737,,,2
196570219161,,,1
196570218881,,,3
196570218676,,,1
196570219277,,,1
196571789540,,,1
196245794863,,,1
415182845576,,,1
415182833542,,,1
415182830985,,,1
196571651885,,,8
196244355324,,,3
196244354990,,,2
196244354907,,,1
196244355447,,,1
196244355256,,,2
196244355157,,,2
196244355041,,,1
766182074030,,,1
32546313306,,,1
32546312576,,,1
700053393493,,,1
700053168091,,,1
700053427402,,,1
700053563377,,,1
700053489097,,,1
700053489103,,,1
700053610477,,,1
700053702684,,,5
700053702691,,,1
700053702707,,,1
700051093432,,,1
700053502628,,,2
700053512900,,,1
827399212858,,,1
700053391260,,,1
53329964225,,,2
53329964232,,,1
53329964249,,,1
700053398061,,,1
2200000076663,,,1
2200001250451,,,1
5415254620815,,,1
887040231010,,,2
887040231317,,,3
887040231386,,,2
2200000074430,,,1
706420005365,,,3
617931664029,,,1
885929465570,,,1
53329990941,,,2
53329375069,,,1
53329375106,,,1
700053474079,,,2
700053513365,,,2
700053513372,,,1
700053513181,,,2
700053513570,,,1
700053498976,,,1
700054530361,,,1
700054530385,,,1
706421392662,,,1
885929926569,,,1
617932935470,,,5
617932935371,,,1
617932935388,,,3
617932935395,,,5
617932935401,,,5
617932935524,,,3
617932935531,,,4
617932935548,,,4
617932935555,,,3
53329947112,,,1
887040297450,,,1
887040872855,,,1
887040236503,,,2
53329993140,,,2
53329993263,,,3
2200000070265,,,1
617931749726,,,4
887682853359,,,1
887682853625,,,2
887682853687,,,2
887682853670,,,1
887040878482,,,1
888366227541,,,1
887040238569,,,1
887682482979,,,1
887682483112,,,1
887040297801,,,1
887040297856,,,1
887040244102,,,1
887040244140,,,1
887040244263,,,1
887040244270,,,1
827399223175,,,1
689914050068,,,1
887040211166,,,1
887040216161,,,1
887040216413,,,1
2200000065735,,,1
887040234301,,,1
2200000067654,,,11
887040238422,,,4
887040238378,,,9
887040238361,,,7
887040238439,,,3
887040240487,,,1
2200000065537,,,1
2200000066015,,,1
887040255672,,,1
887040255733,,,1
887040257539,,,9
887040275052,,,4
887040277568,,,1
887040282067,,,1
887682322015,,,10
887682322077,,,6
887682943494,,,1
766182351964,,,2
888655148182,,,1
887682556694,,,1
887867242398,,,1
887867242916,,,2
887040848270,,,1
887040886876,,,1
700053634954,,,1
887040850419,,,1
887040850471,,,2
887040891573,,,3
887682969227,,,1
887682970827,,,1
887040914029,,,1
887040894468,,,1
887040895724,,,1
887040851232,,,1
887040899593,,,1
887682025589,,,1
887682025572,,,1
827399246136,,,1
887682053544,,,1
827399462819,,,1
827399255817,,,1
827399256173,,,1
827399402686,,,3
827399463076,,,3
827399463120,,,1
827399265137,,,1
827399403119,,,2
827399304188,,,1
827399333546,,,1
827399465636,,,1
827399339715,,,1
827399404239,,,1
827399467050,,,1
887682920556,,,2
617931378827,,,1
887867188658,,,1
887682168088,,,1
887682168149,,,1
887682168125,,,1
887867218355,,,1
887867218362,,,1
887867218430,,,1
887867218447,,,2
700053113381,,,1
700053113398,,,1
700053113404,,,1
700053113596,,,2
700053113626,,,1
881862165294,,,1
881862165362,,,1
881862165409,,,1
700053441804,,,1
700053442016,,,1
700053442009,,,1
827399656140,,,2
827399656089,,,2
827399656096,,,2
827399405045,,,1
827399405854,,,2
827399377762,,,1
700053822351,,,1
5415254625452,,,1
5415254625490,,,1
2200001288355,,,1
888366301715,,,1
888366301661,,,1
888366302460,,,1
2200001291997,,,2
888366306949,,,1
888366293997,,,1
888366300213,,,1
2200001293984,,,11
700051643248,,,1
700051643330,,,1
808390106612,,,1
732075447441,,,1
887867218638,,,1
706421495653,,,1
888366250228,,,1
2200001292406,,,1
888366251195,,,1
888366235577,,,1
888366279298,,,1
888366334119,,,1
888366334140,,,2
888366334133,,,2
888366334126,,,1
888366334072,,,2
700051540905,,,3
700051540417,,,1
888366297100,,,1
888366297469,,,1
888366297438,,,2
706421371117,,,1
888655030746,,,1
617932458740,,,1
617932458733,,,1
617932357654,,,1
617932357647,,,1
617932388979,,,2
888655099729,,,1
5057842560839,,,1
5057842820544,,,2
5057847295453,,,1
5059046924271,,,1
5059046930401,,,1
5057842856529,,,1
5057842856536,,,2
5059046056590,,,1
5059046056941,,,1
5059046056958,,,1
5059046057122,,,1
5059726510596,,,2
5059726510619,,,4
5059726510664,,,2
5059726510732,,,1
5059726510817,,,1
5059726560256,,,3
5059726560263,,,4
5059726560270,,,3
5059726511371,,,3
5059726511388,,,2
5059726511432,,,3
5059726511449,,,1
5059726511456,,,4
5059726560324,,,3
5059726560331,,,6
5059726560348,,,4
5057842495179,,,1
5057842424810,,,1
5057842495674,,,1
5057842427200,,,1
5057842427705,,,1
5059726910976,,,2
5059726910983,,,1
196307548861,,,1
196307548878,,,1
196307548885,,,1
196307548892,,,1
5059726700225,,,1
5057842907450,,,2
5057842907467,,,4
5057842907474,,,1
5057842907481,,,3
5057842907498,,,4
5059046439942,,,1
5059046442270,,,1
5057847340290,,,4
5057847340313,,,1
5057847685025,,,2
5059726057145,,,1
5059726057183,,,2
5057842861813,,,1
5057842861837,,,1
5057842864708,,,1
5057842864722,,,1
5057842864739,,,1
5057842443903,,,1
5057842506813,,,1
5057842867730,,,1
5059726788568,,,1
5059726788575,,,2
5059726703455,,,2
5059726703462,,,1
5059726703936,,,3
5059726703943,,,3
5059726703950,,,1
5059726788704,,,2
5059726788711,,,2
5059726789008,,,3
5059726789015,,,3
5059726789022,,,2
5059726865283,,,1
5059726960780,,,2
5059726960810,,,2
5057842596586,,,1
5057842506929,,,1
5057842447291,,,16
5057842447369,,,1
5057842838303,,,1
5059046368983,,,4
5059046519330,,,6
5059046449132,,,3
5057842507025,,,1
5057842447697,,,1
195481090357,,,1
195481090371,,,1
195481090388,,,1
195481090395,,,1
195907750964,,,1
195907750988,,,2
195907534250,,,1
195907534267,,,1
195907534274,,,2
196432762736,,,1
196432762750,,,2
196432762767,,,2
196432762774,,,1
196432762798,,,1
196432905287,,,2
196432905294,,,2
196432905300,,,2
196432905317,,,1
196432905324,,,1
196432905331,,,1
196307542180,,,1
196307542326,,,1
196307542333,,,1
196307542340,,,2
196307542357,,,1
196432761470,,,1
196432761487,,,2
196432761494,,,1
196432761500,,,1
196432761517,,,1
196432761524,,,1
5059046484751,,,1
5059046484768,,,1
5059046484928,,,1
5059046484935,,,2
5059046484966,,,1
5059726925925,,,2
